time_s,joint1_angle_rad,joint2_angle_rad,joint3_angle_rad,joint4_angle_rad,joint5_angle_rad,joint6_angle_rad,joint1_vel_rad_s,joint2_vel_rad_s,joint3_vel_rad_s,joint4_vel_rad_s,joint5_vel_rad_s,joint6_vel_rad_s,joint1_torque_nm,joint2_torque_nm,joint3_torque_nm,joint4_torque_nm,joint5_torque_nm,joint6_torque_nm
0.0000,0.000000,0.006000,-0.007000,0.000000,-0.008000,0.000000,-0.011000,0.001000,-0.001000,0.005000,-0.011000,0.009000,0.098044,0.771356,-1.447031,-0.126514,-1.170255,0.005751
0.0051,0.000000,0.006000,-0.007000,0.000000,-0.008000,0.000000,-0.003000,0.002000,0.006000,0.009000,-0.005000,-0.003000,0.116944,0.783169,-1.454119,-0.136098,-1.176964,0.066132
0.0102,0.000000,0.006000,-0.007000,0.000000,-0.008000,0.000000,-0.003000,-0.002000,-0.005000,0.009000,0.001000,0.059000,0.116944,0.779625,-1.457662,-0.136098,-1.191341,0.000000
0.0153,0.000000,0.006000,-0.007000,-0.001000,-0.008000,0.000000,0.024000,-0.002000,-0.005000,0.000000,0.001000,0.005000,0.125213,0.779625,-1.457662,-0.119805,-1.191341,0.023003
0.0204,0.000000,0.006000,-0.007000,0.000000,-0.008000,0.000000,0.083000,-0.004000,-0.001000,-0.013000,0.019000,0.005000,0.137025,0.765450,-1.437581,-0.121722,-1.135751,0.023003
0.0255,0.000000,0.006000,-0.007000,0.000000,-0.008000,0.000000,0.083000,0.000000,0.000000,-0.013000,-0.001000,-0.042000,0.137025,0.778444,-1.457662,-0.121722,-1.189424,0.023003
0.0306,0.001000,0.006000,-0.007000,0.000000,-0.008000,0.000000,0.119000,0.000000,0.000000,-0.013000,-0.001000,-0.024000,0.196087,0.778444,-1.457662,-0.121722,-1.189424,0.018210
0.0357,0.002000,0.006000,-0.007000,0.000000,-0.008000,0.000000,0.156000,0.000000,0.002000,0.024000,-0.005000,-0.024000,0.200812,0.776081,-1.469475,-0.135140,-1.164505,0.018210
0.0409,0.003000,0.006000,-0.007000,0.000000,-0.008000,0.000000,0.089000,0.003000,-0.002000,0.000000,0.021000,0.011000,0.266962,0.765450,-1.456481,-0.131306,-1.191341,-0.012460
0.0460,0.003000,0.006000,-0.007000,0.000000,-0.008000,0.000000,0.089000,-0.002000,-0.008000,0.000000,-0.001000,-0.013000,0.266962,0.772537,-1.458844,-0.131306,-1.169297,0.022044
0.0511,0.004000,0.006000,-0.007000,0.000000,-0.008000,0.000000,0.105000,-0.002000,-0.008000,-0.001000,-0.001000,-0.009000,0.265781,0.772537,-1.458844,-0.123639,-1.169297,0.009584
0.0562,0.004000,0.006000,-0.007000,0.000000,-0.008000,0.000000,0.061000,-0.001000,-0.001000,0.028000,-0.017000,-0.009000,0.253969,0.771356,-1.456481,-0.136098,-1.171214,0.009584
0.0613,0.004000,0.006000,-0.007000,0.000000,-0.008000,0.000000,0.061000,0.003000,0.011000,0.028000,0.011000,0.003000,0.253969,0.764269,-1.468294,-0.136098,-1.181757,0.016293
0.0664,0.005000,0.006000,-0.007000,0.000000,-0.008000,0.000000,0.069000,0.003000,0.011000,-0.011000,0.011000,-0.053000,0.138206,0.764269,-1.468294,-0.137057,-1.181757,0.037379
0.0715,0.006000,0.006000,-0.007000,-0.001000,-0.008000,0.000000,0.135000,0.000000,0.000000,-0.042000,0.001000,-0.053000,0.193725,0.777262,-1.469475,-0.118847,-1.178881,0.037379
0.0766,0.007000,0.006000,-0.007000,0.000000,-0.008000,0.000000,0.189000,-0.002000,0.008000,0.009000,0.007000,-0.044000,0.061425,0.772537,-1.452937,-0.136098,-1.185590,0.016293
0.0817,0.007000,0.006000,-0.007000,0.000000,-0.008000,0.000000,0.189000,-0.003000,0.005000,0.009000,0.019000,0.032000,0.061425,0.780806,-1.450575,-0.136098,-1.181757,-0.005751
0.0868,0.008000,0.006000,-0.007000,0.000000,-0.008000,0.000000,0.241000,-0.003000,0.005000,0.019000,0.019000,-0.023000,0.129938,0.780806,-1.450575,-0.141849,-1.181757,0.016293
0.0920,0.010000,0.006000,-0.007000,0.000000,-0.008000,0.000000,0.229000,0.000000,0.000000,-0.028000,-0.007000,-0.023000,0.174825,0.773719,-1.447031,-0.122680,-1.183673,0.016293
0.0971,0.010000,0.006000,-0.007000,0.000000,-0.008000,0.000000,0.229000,0.003000,0.006000,-0.028000,0.001000,-0.017000,0.174825,0.770175,-1.455300,-0.122680,-1.204759,0.020127
0.1022,0.012000,0.006000,-0.007000,0.000000,-0.008000,0.000000,0.220000,0.003000,0.006000,0.015000,0.001000,-0.007000,0.204356,0.770175,-1.455300,-0.143766,-1.204759,0.021086
0.1073,0.013000,0.006000,-0.007000,0.000000,-0.008000,0.000000,0.201000,-0.002000,-0.007000,-0.001000,0.000000,-0.007000,0.165375,0.764269,-1.464750,-0.142808,-1.182715,0.021086
0.1124,0.015000,0.006000,-0.007000,0.000000,-0.008000,0.000000,0.242000,0.002000,0.002000,-0.011000,-0.013000,-0.030000,0.204356,0.784350,-1.462387,-0.142808,-1.167380,0.026836
0.1175,0.015000,0.006000,-0.007000,0.000000,-0.008000,0.000000,0.242000,-0.001000,0.002000,-0.011000,-0.003000,-0.017000,0.204356,0.792619,-1.442306,-0.142808,-1.156837,0.016293
0.1226,0.017000,0.006000,-0.007000,0.000000,-0.008000,0.000000,0.213000,-0.001000,0.002000,0.024000,-0.003000,-0.011000,0.190181,0.792619,-1.442306,-0.148558,-1.156837,0.002875
0.1280,0.018000,0.006000,-0.007000,0.000000,-0.008000,0.000000,0.256000,0.001000,-0.007000,0.000000,0.013000,-0.011000,0.116944,0.777262,-1.468294,-0.136098,-1.192299,0.002875
0.1337,0.021000,0.006000,-0.007000,0.000000,-0.008000,0.000000,0.336000,0.004000,0.000000,0.000000,0.007000,0.051000,0.116944,0.761906,-1.461206,-0.135140,-1.179840,0.002875
0.1390,0.023000,0.006000,-0.007000,0.000000,-0.008000,0.000000,0.363000,-0.004000,0.011000,0.021000,0.028000,0.051000,0.209081,0.790256,-1.460025,-0.140891,-1.172172,0.002875
0.1444,0.026000,0.006000,-0.007000,0.000000,-0.008000,0.000000,0.352000,-0.001000,-0.003000,-0.021000,0.003000,-0.011000,0.242156,0.774900,-1.444669,-0.115971,-1.192299,0.043130
0.1495,0.026000,0.006000,-0.007000,0.000000,-0.008000,0.000000,0.352000,0.001000,0.000000,-0.021000,-0.009000,0.013000,0.242156,0.768994,-1.450575,-0.115971,-1.173131,0.004792
0.1546,0.028000,0.006000,-0.007000,0.000000,-0.008000,0.000000,0.299000,0.001000,0.000000,0.007000,-0.009000,0.021000,0.320119,0.768994,-1.450575,-0.129389,-1.173131,-0.020127
0.1597,0.030000,0.006000,-0.007000,0.000000,-0.008000,0.000000,0.320000,-0.002000,-0.003000,0.017000,-0.021000,0.021000,0.134662,0.756000,-1.438762,-0.149517,-1.175047,-0.020127
0.1649,0.030000,0.006000,-0.007000,0.000000,-0.008000,0.000000,0.320000,0.000000,-0.004000,0.017000,0.000000,-0.059000,0.134662,0.772537,-1.445850,-0.149517,-1.179840,0.046964
0.1699,0.033000,0.006000,-0.007000,0.000000,-0.008000,0.000000,0.407000,0.000000,-0.004000,-0.011000,0.000000,-0.067000,0.153562,0.772537,-1.445850,-0.123639,-1.179840,0.034504
0.1751,0.036000,0.006000,-0.007000,0.000000,-0.008000,0.000000,0.412000,0.002000,-0.002000,0.019000,0.000000,-0.067000,0.259875,0.759544,-1.428131,-0.137057,-1.170255,0.034504
0.1802,0.038000,0.006000,-0.007000,0.000000,-0.008000,0.000000,0.370000,0.004000,0.000000,0.040000,0.003000,0.013000,0.277594,0.761906,-1.455300,-0.143766,-1.183673,-0.006709
0.1853,0.038000,0.006000,-0.007000,0.000000,-0.008000,0.000000,0.370000,0.000000,0.000000,0.040000,0.001000,0.009000,0.277594,0.771356,-1.447031,-0.143766,-1.180798,-0.000958
0.1904,0.041000,0.006000,-0.007000,0.000000,-0.008000,0.000000,0.376000,0.000000,0.000000,-0.013000,0.001000,0.017000,0.178369,0.771356,-1.447031,-0.131306,-1.180798,0.001917
0.1955,0.044000,0.006000,-0.007000,0.000000,-0.008000,0.000000,0.454000,0.000000,-0.003000,-0.001000,0.013000,0.017000,0.088594,0.773719,-1.443488,-0.131306,-1.186549,0.001917
0.2007,0.044000,0.006000,-0.007000,0.000000,-0.008000,0.000000,0.454000,0.003000,0.007000,-0.001000,0.009000,0.032000,0.088594,0.753637,-1.451756,-0.131306,-1.186549,0.016293
0.2058,0.047000,0.006000,-0.007000,0.000000,-0.008000,0.000000,0.432000,0.003000,0.005000,0.013000,0.009000,0.019000,0.253969,0.753637,-1.450575,-0.132265,-1.186549,0.029712
0.2109,0.050000,0.006000,-0.007000,0.000000,-0.008000,0.000000,0.414000,-0.003000,0.005000,-0.019000,-0.015000,0.019000,0.231525,0.765450,-1.450575,-0.129389,-1.173131,0.029712
0.2160,0.053000,0.006000,-0.007000,0.000000,-0.008000,0.000000,0.440000,-0.005000,-0.002000,0.005000,-0.001000,0.000000,0.145294,0.772537,-1.450575,-0.138974,-1.170255,0.022044
0.2212,0.053000,0.006000,-0.007000,0.000000,-0.008000,0.000000,0.440000,0.002000,-0.002000,0.005000,0.023000,0.026000,0.145294,0.766631,-1.434037,-0.138974,-1.192299,0.023003
0.2262,0.056000,0.006000,-0.007000,0.000000,-0.008000,0.000000,0.512000,0.002000,-0.002000,-0.015000,0.023000,-0.007000,0.214987,0.766631,-1.434037,-0.132265,-1.192299,0.020127
0.2313,0.060000,0.006000,-0.007000,0.000000,-0.008000,0.000000,0.472000,-0.001000,0.000000,-0.009000,0.001000,-0.007000,0.292950,0.757181,-1.435219,-0.126514,-1.172172,0.020127
0.2364,0.060000,0.006000,-0.007000,0.000000,-0.008000,0.000000,0.472000,-0.003000,-0.006000,-0.009000,-0.001000,-0.005000,0.292950,0.764269,-1.442306,-0.126514,-1.168338,0.010543
0.2414,0.063000,0.006000,-0.007000,0.000000,-0.008000,0.000000,0.461000,-0.003000,-0.003000,-0.001000,-0.001000,0.017000,0.253969,0.764269,-1.451756,-0.132265,-1.168338,0.000000
0.2465,0.067000,0.006000,-0.007000,0.000000,-0.008000,0.000000,0.511000,-0.004000,-0.003000,-0.009000,-0.011000,0.017000,0.178369,0.757181,-1.451756,-0.145683,-1.169297,0.000000
0.2516,0.070000,0.006000,-0.007000,0.000000,-0.008000,0.000000,0.497000,-0.003000,-0.005000,0.011000,0.030000,0.005000,0.224437,0.767812,-1.456481,-0.124597,-1.203801,0.004792
0.2567,0.070000,0.006000,-0.007000,0.000000,-0.008000,0.000000,0.497000,0.000000,-0.002000,0.011000,-0.003000,0.003000,0.224437,0.739463,-1.443488,-0.124597,-1.202842,0.037379
0.2617,0.074000,0.006000,-0.007000,0.000000,-0.008000,0.000000,0.503000,0.000000,-0.002000,0.017000,-0.003000,-0.040000,0.217350,0.739463,-1.443488,-0.138015,-1.202842,0.055590
0.2668,0.077000,0.006000,-0.007000,0.000000,-0.008000,0.000000,0.511000,0.004000,-0.006000,-0.028000,-0.009000,-0.040000,0.176006,0.790256,-1.449394,-0.122680,-1.188466,0.055590
0.2719,0.077000,0.006000,-0.007000,0.000000,-0.008000,0.000000,0.511000,-0.005000,0.004000,-0.028000,-0.005000,0.003000,0.176006,0.767812,-1.445850,-0.122680,-1.168338,-0.005751
0.2769,0.081000,0.006000,-0.007000,0.000000,-0.008000,0.000000,0.530000,-0.005000,0.004000,0.023000,-0.005000,0.038000,0.191362,0.767812,-1.445850,-0.143766,-1.168338,-0.006709
0.2820,0.084000,0.006000,-0.007000,0.000000,-0.008000,0.000000,0.524000,0.000000,0.004000,-0.007000,0.005000,0.007000,0.206719,0.765450,-1.454119,-0.127473,-1.192299,0.031629
0.2870,0.088000,0.006000,-0.007000,-0.001000,-0.008000,0.000000,0.511000,0.002000,0.000000,-0.024000,0.003000,0.007000,0.203175,0.766631,-1.413956,-0.121722,-1.178881,0.031629
0.2921,0.088000,0.006000,-0.007000,-0.001000,-0.008000,0.000000,0.511000,-0.006000,-0.001000,-0.024000,-0.013000,0.036000,0.203175,0.763088,-1.434037,-0.121722,-1.167380,0.006709
0.2972,0.092000,0.006000,-0.007000,0.000000,-0.008000,0.000000,0.562000,-0.006000,-0.001000,-0.003000,-0.013000,-0.013000,0.148837,0.763088,-1.434037,-0.139932,-1.167380,0.001917
0.3023,0.096000,0.006000,-0.007000,0.000000,-0.008000,0.000000,0.565000,0.000000,0.003000,0.000000,0.013000,-0.013000,0.255150,0.778444,-1.418681,-0.123639,-1.179840,0.001917
0.3073,0.096000,0.006000,-0.007000,0.000000,-0.008000,0.000000,0.565000,-0.002000,0.004000,0.000000,0.000000,-0.032000,0.255150,0.764269,-1.448212,-0.123639,-1.183673,0.023961
0.3124,0.100000,0.006000,-0.007000,0.000000,-0.008000,0.000000,0.559000,-0.002000,0.002000,-0.009000,0.000000,-0.009000,0.204356,0.764269,-1.430494,-0.137057,-1.183673,0.007668
0.3175,0.108000,0.006000,-0.007000,0.000000,-0.008000,0.000000,0.566000,0.003000,0.002000,0.011000,-0.005000,-0.001000,0.262237,0.774900,-1.430494,-0.140891,-1.175047,0.026836
0.3226,0.108000,0.006000,-0.007000,0.000000,-0.008000,0.000000,0.566000,0.003000,-0.002000,-0.001000,0.024000,-0.001000,0.262237,0.774900,-1.437581,-0.134182,-1.188466,0.026836
0.3282,0.112000,0.006000,-0.007000,0.000000,-0.008000,0.000000,0.591000,0.002000,0.002000,0.021000,-0.009000,0.005000,0.122850,0.761906,-1.430494,-0.140891,-1.183673,0.018210
0.3334,0.117000,0.006000,-0.007000,0.000000,-0.008000,0.000000,0.624000,0.003000,0.002000,0.021000,-0.009000,0.005000,0.261056,0.747731,-1.430494,-0.140891,-1.183673,0.018210
0.3385,0.121000,0.006000,-0.007000,0.000000,-0.008000,0.000000,0.602000,0.000000,0.000000,-0.015000,-0.005000,0.005000,0.263419,0.764269,-1.437581,-0.131306,-1.178881,0.018210
0.3436,0.121000,0.006000,-0.007000,0.000000,-0.008000,0.000000,0.602000,0.000000,0.000000,-0.015000,0.001000,-0.055000,0.263419,0.764269,-1.437581,-0.131306,-1.180798,0.023961
0.3495,0.125000,0.006000,-0.007000,0.000000,-0.008000,0.000000,0.652000,0.001000,0.004000,0.021000,-0.009000,0.024000,0.141750,0.766631,-1.439944,-0.133223,-1.181757,-0.001917
0.3546,0.130000,0.006000,-0.007000,0.000000,-0.008000,0.000000,0.622000,-0.001000,0.002000,0.000000,0.000000,0.024000,0.258694,0.756000,-1.425769,-0.136098,-1.171214,-0.001917
0.3597,0.130000,0.006000,-0.007000,0.000000,-0.008000,0.000000,0.622000,0.000000,-0.003000,0.000000,-0.005000,-0.034000,0.258694,0.759544,-1.449394,-0.136098,-1.175047,0.016293
0.3648,0.134000,0.006000,-0.007000,0.000000,-0.008000,0.000000,0.637000,0.000000,-0.003000,0.000000,-0.005000,-0.021000,0.166556,0.759544,-1.449394,-0.126514,-1.175047,0.003834
0.3699,0.139000,0.006000,-0.007000,0.000000,-0.008000,0.000000,0.663000,0.000000,0.000000,0.000000,0.001000,-0.021000,0.229162,0.760725,-1.438762,-0.132265,-1.181757,0.003834
0.3750,0.143000,0.006000,-0.007000,0.000000,-0.008000,0.000000,0.649000,0.003000,-0.001000,0.000000,0.000000,-0.019000,0.218531,0.754819,-1.437581,-0.132265,-1.181757,0.025878
0.3801,0.143000,0.006000,-0.007000,0.000000,-0.008000,0.000000,0.649000,0.003000,0.000000,-0.001000,-0.001000,-0.034000,0.218531,0.754819,-1.438762,-0.126514,-1.175047,0.014377
0.3851,0.148000,0.006000,-0.007000,0.000000,-0.008000,0.000000,0.667000,0.000000,0.000000,-0.009000,-0.001000,-0.001000,0.178369,0.761906,-1.438762,-0.120763,-1.175047,-0.009584
0.3902,0.153000,0.006000,-0.007000,0.000000,-0.008000,0.000000,0.671000,0.000000,0.005000,-0.001000,0.003000,-0.001000,0.244519,0.772537,-1.429312,-0.138974,-1.183673,-0.009584
0.3953,0.153000,0.006000,-0.007000,0.000000,-0.008000,0.000000,0.671000,0.000000,0.000000,-0.001000,0.009000,-0.086000,0.244519,0.757181,-1.425769,-0.138974,-1.181757,0.023961
0.4003,0.157000,0.006000,-0.007000,0.000000,-0.008000,0.000000,0.637000,0.000000,0.000000,-0.005000,0.009000,0.007000,0.256331,0.757181,-1.425769,-0.128431,-1.181757,0.007668
0.4054,0.162000,0.006000,-0.007000,0.000000,-0.008000,0.000000,0.691000,0.004000,0.001000,0.034000,0.001000,0.007000,0.191362,0.741825,-1.434037,-0.138974,-1.196133,0.007668
0.4105,0.167000,0.006000,-0.007000,0.000000,-0.008000,0.000000,0.679000,-0.005000,-0.002000,0.034000,0.001000,-0.021000,0.272869,0.767812,-1.424587,-0.138974,-1.171214,0.022044
0.4155,0.167000,0.006000,-0.007000,0.000000,-0.008000,0.000000,0.679000,-0.005000,-0.003000,-0.011000,-0.009000,0.007000,0.272869,0.767812,-1.429312,-0.134182,-1.148211,-0.019169
0.4206,0.171000,0.006000,-0.007000,0.000000,-0.008000,0.000000,0.689000,0.005000,-0.003000,-0.007000,-0.009000,0.024000,0.138206,0.760725,-1.429312,-0.145683,-1.148211,0.005751
0.4257,0.176000,0.006000,-0.007000,0.000000,-0.008000,0.000000,0.699000,0.001000,-0.002000,0.024000,-0.003000,0.024000,0.282319,0.764269,-1.442306,-0.144724,-1.176964,0.005751
0.4307,0.176000,0.006000,-0.007000,0.000000,-0.008000,0.000000,0.699000,-0.005000,0.000000,0.024000,0.013000,-0.038000,0.282319,0.751275,-1.438762,-0.144724,-1.194216,0.040254
0.4358,0.181000,0.006000,-0.007000,0.000000,-0.008000,0.000000,0.679000,-0.005000,0.000000,-0.032000,0.013000,-0.023000,0.196087,0.751275,-1.438762,-0.125556,-1.194216,0.008626
0.4409,0.186000,0.006000,-0.007000,0.000000,-0.008000,0.000000,0.716000,0.000000,-0.003000,0.003000,0.001000,-0.023000,0.250425,0.751275,-1.426950,-0.138974,-1.196133,0.008626
0.4459,0.191000,0.006000,-0.007000,0.000000,-0.008000,0.000000,0.684000,-0.002000,0.002000,0.003000,-0.011000,0.070000,0.222075,0.768994,-1.425769,-0.138974,-1.163546,0.000000
0.4510,0.191000,0.006000,-0.007000,0.000000,-0.008000,0.000000,0.684000,-0.002000,-0.005000,0.009000,-0.001000,-0.015000,0.222075,0.768994,-1.423406,-0.139932,-1.199967,0.040254
0.4560,0.196000,0.006000,-0.007000,0.000000,-0.008000,0.000000,0.766000,-0.002000,-0.005000,-0.015000,-0.001000,-0.030000,0.168919,0.756000,-1.423406,-0.132265,-1.199967,0.025878
0.4615,0.201000,0.006000,-0.007000,0.000000,-0.008000,0.000000,0.715000,0.003000,0.000000,-0.015000,0.021000,-0.030000,0.277594,0.768994,-1.416319,-0.128431,-1.184632,0.025878
0.4666,0.201000,0.006000,-0.007000,0.000000,-0.008000,0.000000,0.715000,-0.006000,0.002000,-0.015000,-0.001000,-0.001000,0.277594,0.754819,-1.410412,-0.128431,-1.173131,0.017252
0.4717,0.206000,0.006000,-0.007000,0.000000,-0.008000,0.000000,0.743000,-0.006000,0.002000,0.017000,-0.001000,0.007000,0.183094,0.754819,-1.410412,-0.136098,-1.173131,-0.000958
0.4768,0.211000,0.006000,-0.007000,0.000000,-0.009000,0.000000,0.723000,0.000000,-0.002000,0.001000,-0.028000,0.007000,0.206719,0.744188,-1.411594,-0.135140,-1.161629,-0.000958
0.4819,0.217000,0.006000,-0.007000,0.000000,-0.008000,0.000000,0.752000,0.000000,-0.004000,0.001000,0.007000,0.024000,0.211444,0.759544,-1.423406,-0.135140,-1.191341,0.012460
0.4870,0.217000,0.006000,-0.007000,0.000000,-0.008000,0.000000,0.752000,-0.002000,-0.004000,0.013000,0.023000,-0.015000,0.211444,0.760725,-1.438762,-0.137057,-1.120416,0.026836
0.4921,0.222000,0.006000,-0.007000,0.000000,-0.008000,0.000000,0.751000,-0.002000,-0.004000,-0.021000,0.023000,-0.046000,0.250425,0.760725,-1.438762,-0.122680,-1.120416,0.005751
0.4972,0.227000,0.006000,-0.007000,0.000000,-0.008000,0.000000,0.731000,0.000000,0.007000,-0.017000,-0.003000,-0.046000,0.253969,0.757181,-1.436400,-0.125556,-1.175047,0.005751
0.5024,0.227000,0.006000,-0.007000,0.000000,-0.008000,0.000000,0.731000,0.003000,0.000000,-0.017000,0.009000,0.044000,0.253969,0.754819,-1.431675,-0.125556,-1.166421,-0.012460
0.5075,0.232000,0.006000,-0.007000,0.000000,-0.008000,0.000000,0.761000,0.003000,0.000000,0.038000,0.009000,0.040000,0.189000,0.754819,-1.431675,-0.145683,-1.166421,0.011501
0.5126,0.238000,0.006000,-0.007000,-0.001000,-0.008000,0.000000,0.746000,0.002000,-0.001000,-0.026000,0.005000,0.040000,0.348469,0.766631,-1.431675,-0.122680,-1.195175,0.011501
0.5180,0.243000,0.006000,-0.007000,0.000000,-0.008000,0.000000,0.794000,0.002000,-0.004000,0.011000,-0.017000,0.080000,0.193725,0.759544,-1.424587,-0.138974,-1.177923,0.023961
0.5234,0.249000,0.006000,-0.007000,-0.001000,-0.008000,0.000000,0.759000,0.002000,-0.004000,0.015000,-0.017000,-0.049000,0.339019,0.759544,-1.424587,-0.126514,-1.177923,0.047922
0.5285,0.254000,0.006000,-0.007000,-0.001000,-0.008000,0.000000,0.814000,-0.001000,0.004000,0.015000,-0.017000,-0.049000,0.194906,0.758362,-1.422225,-0.126514,-1.177923,0.047922
0.5340,0.254000,0.006000,-0.007000,0.000000,-0.008000,0.000000,0.814000,0.000000,-0.002000,-0.023000,-0.011000,0.038000,0.194906,0.760725,-1.415137,-0.131306,-1.167380,-0.017252
0.5391,0.260000,0.006000,-0.007000,0.000000,-0.008000,0.000000,0.768000,0.000000,-0.002000,0.013000,-0.011000,0.021000,0.328387,0.760725,-1.415137,-0.138974,-1.167380,0.028753
0.5442,0.265000,0.006000,-0.007000,0.000000,-0.008000,0.000000,0.832000,-0.006000,-0.001000,0.007000,-0.003000,0.021000,0.219712,0.758362,-1.426950,-0.133223,-1.170255,0.028753
0.5494,0.271000,0.006000,-0.007000,0.000000,-0.008000,0.000000,0.792000,0.002000,-0.002000,0.007000,-0.011000,-0.061000,0.258694,0.752456,-1.406869,-0.133223,-1.165463,0.024919
0.5545,0.271000,0.006000,-0.007000,0.000000,-0.008000,0.000000,0.792000,-0.002000,-0.004000,-0.009000,-0.007000,0.028000,0.258694,0.767812,-1.423406,-0.124597,-1.167380,-0.015335
0.5599,0.277000,0.006000,-0.007000,0.000000,-0.008000,0.000000,0.860000,-0.002000,-0.004000,0.032000,-0.007000,0.044000,0.225619,0.767812,-1.423406,-0.138974,-1.167380,0.000000
0.5650,0.283000,0.006000,-0.007000,0.000000,-0.008000,0.000000,0.843000,-0.002000,0.000000,-0.001000,-0.011000,0.044000,0.285862,0.750094,-1.443488,-0.125556,-1.161629,0.000000
0.5700,0.283000,0.006000,-0.007000,0.000000,-0.008000,0.000000,0.843000,0.004000,-0.004000,-0.001000,0.005000,-0.026000,0.285862,0.766631,-1.423406,-0.125556,-1.190382,0.025878
0.5751,0.289000,0.006000,-0.007000,0.000000,-0.008000,0.000000,0.876000,0.004000,-0.004000,-0.013000,0.005000,0.009000,0.252787,0.766631,-1.423406,-0.126514,-1.190382,-0.003834
0.5802,0.295000,0.006000,-0.007000,0.000000,-0.008000,0.000000,0.890000,0.006000,0.003000,0.011000,0.001000,0.009000,0.268144,0.764269,-1.429312,-0.138974,-1.181757,-0.003834
0.5853,0.301000,0.006000,-0.007000,0.000000,-0.008000,0.000000,0.910000,0.000000,-0.005000,0.011000,0.003000,-0.005000,0.256331,0.774900,-1.412775,-0.138974,-1.176964,0.024919
0.5903,0.301000,0.006000,-0.007000,0.000000,-0.008000,0.000000,0.910000,0.002000,0.000000,-0.017000,-0.009000,-0.040000,0.256331,0.747731,-1.410412,-0.138015,-1.180798,0.008626
0.5954,0.308000,0.006000,-0.007000,0.000000,-0.008000,0.000000,0.892000,0.002000,0.000000,-0.028000,-0.009000,0.069000,0.353194,0.747731,-1.410412,-0.127473,-1.180798,-0.012460
0.6005,0.314000,0.006000,-0.007000,0.000000,-0.008000,0.000000,0.946000,0.003000,-0.004000,0.024000,-0.013000,0.069000,0.194906,0.764269,-1.398600,-0.145683,-1.193258,-0.012460
0.6055,0.314000,0.006000,-0.007000,0.000000,-0.008000,0.000000,0.946000,-0.002000,-0.003000,0.024000,0.009000,-0.007000,0.194906,0.772537,-1.402144,-0.145683,-1.168338,0.054631
0.6106,0.320000,0.006000,-0.007000,0.000000,-0.008000,0.000000,0.915000,-0.002000,-0.003000,-0.024000,0.009000,-0.017000,0.296494,0.772537,-1.402144,-0.123639,-1.168338,0.018210
0.6157,0.327000,0.006000,-0.007000,0.000000,-0.008000,0.000000,0.929000,-0.007000,-0.008000,0.009000,-0.003000,-0.017000,0.333112,0.767812,-1.408050,-0.151434,-1.179840,0.018210
0.6207,0.334000,0.006000,-0.007000,0.000000,-0.008000,0.000000,0.940000,0.000000,-0.001000,0.009000,-0.024000,0.055000,0.190181,0.740644,-1.411594,-0.151434,-1.175047,-0.026836
0.6258,0.334000,0.006000,-0.007000,0.000000,-0.008000,0.000000,0.940000,0.000000,-0.005000,0.017000,-0.007000,0.013000,0.190181,0.754819,-1.397419,-0.136098,-1.164505,0.010543
0.6309,0.340000,0.006000,-0.007000,0.000000,-0.008000,0.000000,0.929000,0.000000,-0.005000,-0.015000,-0.007000,-0.040000,0.339019,0.754819,-1.397419,-0.135140,-1.164505,0.018210
0.6359,0.347000,0.006000,-0.007000,0.000000,-0.008000,0.000000,0.960000,-0.003000,0.005000,0.000000,0.003000,-0.040000,0.249244,0.756000,-1.426950,-0.128431,-1.187507,0.018210
0.6410,0.347000,0.006000,-0.007000,0.000000,-0.008000,0.000000,0.960000,-0.004000,0.002000,0.000000,0.000000,-0.015000,0.249244,0.744188,-1.412775,-0.128431,-1.181757,0.028753
0.6460,0.353000,0.006000,-0.007000,0.000000,-0.008000,0.000000,0.951000,-0.004000,0.002000,-0.007000,0.000000,0.015000,0.282319,0.744188,-1.412775,-0.125556,-1.181757,0.013418
0.6511,0.360000,0.006000,-0.007000,0.000000,-0.008000,0.000000,0.957000,-0.005000,-0.003000,0.032000,-0.001000,0.015000,0.266962,0.767812,-1.417500,-0.137057,-1.175047,0.013418
0.6562,0.367000,0.006000,-0.007000,0.000000,-0.008000,0.000000,0.952000,0.002000,0.000000,0.032000,0.009000,0.051000,0.315394,0.752456,-1.417500,-0.137057,-1.184632,0.013418
0.6613,0.367000,0.006000,-0.007000,0.000000,-0.008000,0.000000,0.952000,-0.001000,-0.007000,-0.011000,-0.005000,-0.003000,0.315394,0.746550,-1.424587,-0.117888,-1.166421,0.023961
0.6663,0.374000,0.006000,-0.007000,0.000000,-0.008000,0.000000,0.982000,-0.001000,-0.007000,0.003000,-0.005000,0.009000,0.270506,0.746550,-1.424587,-0.130348,-1.166421,0.019169
0.6714,0.381000,0.006000,-0.007000,0.000000,-0.008000,0.000000,0.984000,0.000000,0.002000,-0.003000,-0.009000,0.009000,0.225619,0.746550,-1.413956,-0.127473,-1.176964,0.019169
0.6765,0.381000,0.006000,-0.007000,0.000000,-0.008000,0.000000,0.984000,0.002000,-0.002000,-0.003000,0.019000,0.001000,0.225619,0.756000,-1.415137,-0.127473,-1.167380,0.012460
0.6815,0.387000,0.006000,-0.007000,0.000000,-0.008000,0.000000,0.972000,0.002000,-0.002000,0.000000,0.019000,0.011000,0.339019,0.756000,-1.415137,-0.127473,-1.167380,0.013418
0.6866,0.394000,0.006000,-0.007000,0.000000,-0.008000,0.000000,1.015000,0.000000,-0.002000,0.026000,0.003000,0.011000,0.240975,0.752456,-1.423406,-0.137057,-1.186549,0.013418
0.6917,0.401000,0.006000,-0.007000,0.000000,-0.008000,0.000000,0.970000,-0.002000,0.003000,0.026000,-0.003000,-0.003000,0.322481,0.765450,-1.404506,-0.137057,-1.184632,0.047922
0.6967,0.401000,0.006000,-0.007000,-0.001000,-0.008000,0.000000,0.970000,0.000000,0.000000,-0.001000,-0.005000,-0.038000,0.322481,0.759544,-1.413956,-0.114054,-1.179840,0.038338
0.7018,0.408000,0.006000,-0.007000,0.000000,-0.008000,0.000000,0.994000,0.000000,0.000000,-0.013000,-0.005000,-0.003000,0.337837,0.759544,-1.413956,-0.125556,-1.179840,0.009584
0.7069,0.415000,0.006000,-0.007000,0.000000,-0.008000,0.000000,1.003000,0.002000,-0.004000,0.023000,-0.030000,-0.003000,0.250425,0.753637,-1.399781,-0.133223,-1.155879,0.009584
0.7119,0.415000,0.006000,-0.007000,0.000000,-0.008000,0.000000,1.003000,0.004000,-0.001000,0.023000,-0.011000,0.036000,0.250425,0.758362,-1.425769,-0.133223,-1.171214,0.017252
0.7170,0.422000,0.006000,-0.007000,-0.001000,-0.008000,0.000000,0.976000,0.004000,-0.001000,-0.011000,-0.011000,-0.032000,0.311850,0.758362,-1.425769,-0.117888,-1.171214,0.037379
0.7220,0.429000,0.006000,-0.007000,-0.001000,-0.008000,0.000000,0.987000,0.000000,-0.003000,-0.011000,0.000000,-0.032000,0.282319,0.777262,-1.411594,-0.114054,-1.188466,0.037379
0.7271,0.436000,0.006000,-0.007000,-0.001000,-0.008000,0.000000,0.973000,0.001000,-0.003000,-0.011000,-0.005000,0.021000,0.340200,0.752456,-1.411594,-0.114054,-1.177923,0.028753
0.7322,0.436000,0.006000,-0.007000,0.000000,-0.008000,0.000000,0.973000,0.003000,0.000000,0.028000,-0.013000,0.000000,0.340200,0.743006,-1.403325,-0.129389,-1.166421,0.024919
0.7372,0.443000,0.006000,-0.007000,-0.001000,-0.008000,0.000000,1.014000,0.003000,0.000000,0.009000,-0.013000,-0.007000,0.244519,0.743006,-1.403325,-0.110221,-1.166421,0.022044
0.7423,0.450000,0.006000,-0.007000,0.000000,-0.008000,0.000000,0.988000,-0.001000,0.002000,0.007000,0.011000,-0.007000,0.219712,0.754819,-1.426950,-0.125556,-1.163546,0.022044
0.7474,0.450000,0.006000,-0.007000,0.000000,-0.008000,0.000000,0.988000,0.000000,0.006000,0.007000,0.017000,0.011000,0.219712,0.761906,-1.405687,-0.125556,-1.193258,0.012460
0.7525,0.457000,0.006000,-0.007000,-0.001000,-0.008000,0.000000,1.003000,0.000000,0.006000,0.001000,0.017000,-0.017000,0.346106,0.761906,-1.405687,-0.120763,-1.193258,0.027795
0.7575,0.464000,0.006000,-0.007000,-0.001000,-0.008000,0.000000,1.042000,0.001000,0.001000,-0.009000,-0.032000,-0.017000,0.229162,0.757181,-1.413956,-0.112137,-1.177923,0.027795
0.7626,0.471000,0.006000,-0.007000,-0.001000,-0.008000,0.000000,1.006000,0.004000,-0.003000,-0.009000,-0.001000,-0.005000,0.282319,0.745369,-1.398600,-0.112137,-1.179840,0.011501
0.7677,0.471000,0.006000,-0.007000,-0.001000,-0.008000,0.000000,1.006000,-0.002000,-0.001000,-0.011000,0.013000,0.055000,0.282319,0.759544,-1.419863,-0.108304,-1.199008,0.007668
0.7727,0.486000,0.006000,-0.007000,-0.001000,-0.008000,0.000000,1.042000,0.001000,-0.006000,-0.046000,0.001000,-0.099000,0.249244,0.741825,-1.413956,-0.096802,-1.188466,0.072841
0.7785,0.486000,0.006000,-0.007000,-0.001000,-0.008000,0.000000,1.042000,-0.001000,0.001000,-0.046000,-0.015000,0.028000,0.249244,0.746550,-1.403325,-0.096802,-1.164505,0.004792
0.7836,0.493000,0.006000,-0.007000,0.000000,-0.008000,0.000000,1.031000,-0.001000,0.001000,0.061000,-0.015000,0.028000,0.266962,0.746550,-1.403325,-0.146641,-1.164505,0.004792
0.7891,0.500000,0.006000,-0.007000,-0.001000,-0.008000,0.000000,1.037000,0.000000,0.004000,-0.021000,-0.003000,0.080000,0.292950,0.770175,-1.409231,-0.104470,-1.160671,0.031629
0.7941,0.507000,0.006000,-0.007000,-0.001000,-0.008000,0.000000,1.008000,-0.006000,-0.008000,-0.034000,0.017000,-0.082000,0.317756,0.740644,-1.396238,-0.114054,-1.146294,0.058465
0.7995,0.507000,0.006000,-0.007000,-0.001000,-0.008000,0.000000,1.008000,0.002000,0.003000,-0.034000,0.017000,-0.082000,0.317756,0.756000,-1.415137,-0.114054,-1.146294,0.058465
0.8046,0.515000,0.006000,-0.007000,0.000000,-0.009000,0.000000,1.015000,0.002000,0.003000,0.047000,0.000000,-0.034000,0.301219,0.756000,-1.415137,-0.138974,-1.133835,0.052714
0.8097,0.522000,0.006000,-0.007000,-0.001000,-0.009000,0.000000,1.023000,0.005000,0.004000,-0.019000,0.000000,-0.034000,0.261056,0.746550,-1.423406,-0.109262,-1.135751,0.052714
0.8149,0.522000,0.006000,-0.007000,-0.001000,-0.009000,0.000000,1.023000,0.001000,-0.001000,-0.019000,0.000000,-0.034000,0.261056,0.760725,-1.404506,-0.109262,-1.122333,0.030670
0.8200,0.529000,0.006000,-0.007000,0.000000,-0.009000,0.000000,0.984000,0.001000,-0.001000,0.015000,0.000000,0.049000,0.342562,0.760725,-1.404506,-0.119805,-1.122333,0.013418
0.8251,0.536000,0.006000,-0.007000,0.000000,-0.009000,0.000000,1.024000,-0.006000,0.002000,0.024000,0.000000,0.049000,0.294131,0.745369,-1.416319,-0.125556,-1.128084,0.013418
0.8303,0.543000,0.006000,-0.007000,-0.001000,-0.009000,0.000000,1.021000,-0.004000,0.004000,-0.036000,0.021000,-0.009000,0.217350,0.728831,-1.392694,-0.093927,-1.130001,0.049839
0.8354,0.543000,0.006000,-0.007000,-0.001000,-0.009000,0.000000,1.021000,0.000000,0.001000,-0.036000,-0.001000,0.000000,0.217350,0.743006,-1.400962,-0.093927,-1.161629,0.018210
0.8405,0.550000,0.006000,-0.007000,-0.001000,-0.009000,0.000000,1.010000,0.000000,0.001000,-0.034000,-0.001000,0.040000,0.282319,0.743006,-1.400962,-0.118847,-1.161629,0.048880
0.8456,0.557000,0.006000,-0.007000,0.000000,-0.009000,0.000000,1.047000,-0.002000,0.003000,0.003000,-0.011000,0.040000,0.295313,0.747731,-1.402144,-0.115971,-1.141502,0.048880
0.8507,0.557000,0.006000,-0.007000,0.000000,-0.009000,0.000000,1.047000,0.000000,-0.006000,0.003000,-0.003000,-0.049000,0.295313,0.740644,-1.379700,-0.115971,-1.153962,0.060382
0.8558,0.565000,0.006000,-0.007000,-0.001000,-0.009000,0.000000,1.028000,0.000000,-0.006000,-0.005000,-0.003000,-0.013000,0.304762,0.740644,-1.379700,-0.104470,-1.153962,0.023003
0.8610,0.572000,0.006000,-0.007000,0.000000,-0.009000,0.000000,1.039000,0.000000,-0.004000,0.009000,0.017000,-0.013000,0.275231,0.756000,-1.392694,-0.114054,-1.147253,0.023003
0.8661,0.579000,0.006000,-0.007000,-0.001000,-0.009000,0.000000,1.028000,0.004000,0.005000,-0.001000,-0.001000,-0.030000,0.268144,0.757181,-1.409231,-0.103512,-1.142460,0.047922
0.8712,0.579000,0.006000,-0.007000,-0.001000,-0.009000,0.000000,1.028000,0.000000,0.002000,-0.001000,0.003000,-0.030000,0.268144,0.756000,-1.370250,-0.103512,-1.146294,0.056548
0.8763,0.586000,0.006000,-0.007000,0.000000,-0.009000,0.000000,1.032000,0.000000,0.002000,0.000000,0.003000,0.021000,0.361462,0.756000,-1.370250,-0.112137,-1.146294,0.018210
0.8814,0.594000,0.006000,-0.007000,0.000000,-0.009000,0.000000,1.042000,0.007000,0.000000,0.026000,-0.003000,0.021000,0.261056,0.753637,-1.396238,-0.115971,-1.125209,0.018210
0.8865,0.594000,0.006000,-0.007000,0.000000,-0.009000,0.000000,1.042000,-0.002000,0.000000,0.026000,-0.009000,0.013000,0.261056,0.757181,-1.393875,-0.115971,-1.129042,0.034504
0.8916,0.601000,0.006000,-0.007000,-0.001000,-0.009000,0.000000,0.997000,-0.002000,0.000000,-0.009000,-0.009000,-0.013000,0.276412,0.757181,-1.393875,-0.104470,-1.129042,0.043130
0.8968,0.608000,0.006000,-0.007000,0.000000,-0.009000,0.000000,0.987000,-0.001000,-0.005000,-0.011000,0.000000,-0.013000,0.373275,0.746550,-1.397419,-0.111179,-1.156837,0.043130
0.9019,0.615000,0.006000,-0.007000,-0.001000,-0.009000,0.000000,1.032000,-0.005000,0.001000,-0.017000,-0.005000,0.011000,0.236250,0.747731,-1.392694,-0.099678,-1.117541,0.016293
0.9070,0.615000,0.006000,-0.007000,-0.001000,-0.009000,0.000000,1.032000,0.001000,0.000000,-0.017000,-0.005000,-0.047000,0.236250,0.730012,-1.377337,-0.099678,-1.106040,0.048880
0.9121,0.622000,0.006000,-0.007000,0.000000,-0.009000,0.000000,0.994000,0.001000,0.000000,0.015000,-0.005000,0.038000,0.304762,0.730012,-1.377337,-0.114054,-1.106040,0.019169
0.9172,0.629000,0.006000,-0.007000,-0.001000,-0.009000,0.000000,1.025000,0.003000,-0.006000,0.023000,-0.021000,0.038000,0.277594,0.750094,-1.366706,-0.116930,-1.080162,0.019169
0.9223,0.629000,0.006000,-0.007000,-0.001000,-0.009000,0.000000,1.025000,0.001000,0.000000,0.023000,0.011000,0.023000,0.277594,0.758362,-1.387969,-0.116930,-1.108915,0.046964
0.9275,0.636000,0.006000,-0.007000,-0.001000,-0.009000,0.000000,1.032000,0.001000,0.000000,-0.023000,0.011000,-0.036000,0.281137,0.758362,-1.387969,-0.115971,-1.108915,0.030670
0.9326,0.643000,0.006000,-0.007000,0.000000,-0.009000,0.000000,1.031000,-0.001000,-0.004000,0.017000,0.005000,-0.036000,0.269325,0.759544,-1.413956,-0.118847,-1.128084,0.030670
0.9377,0.651000,0.006000,-0.007000,-0.001000,-0.009000,0.000000,1.051000,0.005000,-0.004000,0.000000,0.000000,0.042000,0.225619,0.757181,-1.365525,-0.117888,-1.098372,0.013418
0.9432,0.658000,0.006000,-0.007000,-0.001000,-0.009000,0.000000,1.029000,0.005000,-0.004000,-0.042000,-0.032000,-0.001000,0.373275,0.757181,-1.365525,-0.101595,-1.084954,0.033545
0.9490,0.665000,0.006000,-0.007000,0.000000,-0.009000,0.000000,1.043000,0.000000,-0.001000,0.015000,-0.019000,-0.001000,0.314213,0.746550,-1.384425,-0.127473,-1.074411,0.033545
0.9542,0.665000,0.006000,-0.007000,0.000000,-0.009000,0.000000,1.043000,-0.001000,0.001000,0.015000,-0.007000,0.015000,0.314213,0.735919,-1.359619,-0.127473,-1.089746,0.035462
0.9596,0.672000,0.006000,-0.007000,0.000000,-0.009000,0.000000,1.060000,-0.001000,0.001000,0.009000,-0.007000,-0.026000,0.206719,0.735919,-1.359619,-0.117888,-1.089746,0.045047
0.9647,0.680000,0.006000,-0.007000,-0.001000,-0.009000,0.000000,1.014000,0.000000,0.000000,-0.026000,-0.015000,-0.026000,0.344925,0.731194,-1.366706,-0.104470,-1.057159,0.045047
0.9699,0.687000,0.006000,-0.007000,0.000000,-0.009000,0.000000,1.033000,-0.004000,-0.001000,-0.005000,0.000000,0.005000,0.318937,0.765450,-1.364344,-0.122680,-1.017863,0.023003
0.9750,0.687000,0.006000,-0.007000,0.000000,-0.009000,0.000000,1.033000,0.005000,-0.001000,-0.005000,-0.011000,0.005000,0.318937,0.746550,-1.360800,-0.122680,-1.059076,0.010543
0.9801,0.694000,0.006000,-0.007000,0.000000,-0.009000,0.000000,1.017000,0.005000,-0.001000,-0.001000,-0.011000,-0.026000,0.258694,0.746550,-1.360800,-0.113096,-1.059076,0.026836
0.9852,0.701000,0.006000,-0.007000,0.000000,-0.009000,0.000000,1.003000,-0.001000,-0.004000,0.026000,0.021000,-0.026000,0.320119,0.759544,-1.378519,-0.127473,-1.060035,0.026836
0.9903,0.701000,0.006000,-0.007000,0.000000,-0.009000,0.000000,1.003000,0.009000,-0.002000,0.026000,-0.001000,0.011000,0.320119,0.743006,-1.378519,-0.127473,-1.074411,0.016293
0.9954,0.708000,0.006000,-0.007000,-0.001000,-0.009000,0.000000,1.021000,0.009000,-0.002000,-0.003000,-0.001000,-0.026000,0.266962,0.743006,-1.378519,-0.113096,-1.074411,0.045047
