time_s,tau_j1,tau_j2,tau_j3,tau_j4,tau_j5,tau_j6
0.00011094845831394196,-5.421010862427522e-19,3.2311699296033947,-2.7820418557611326,-0.006527818747942437,-0.22252723541680083,3.7200584184751337e-06
0.010130289942026138,-5.421010862427522e-19,3.2311699296033947,-2.7820418557611326,-0.006527818747942437,-0.22252723541680083,3.7200584184751337e-06
0.02033235691487789,-5.421010862427522e-19,3.2311699296033947,-2.7820418557611326,-0.006527818747942437,-0.22252723541680083,3.7200584184751337e-06
0.030418558046221733,-1.4094628242311558e-18,3.231083980369871,-2.7821278049946563,-0.006536856811270333,-0.2226130610440681,3.7215158036329756e-06
0.040545905008912086,-1.4094628242311558e-18,3.231083980369871,-2.7821278049946563,-0.006536856811270333,-0.2226130610440681,3.7215158036329756e-06
0.050607142969965935,-7.047314121155779e-18,3.230998253932248,-2.7822135314322787,-0.006545899591882166,-0.2226986640582929,3.7229693763140905e-06
0.06066315062344074,-7.047314121155779e-18,3.230998253932248,-2.7822135314322787,-0.006545899591882166,-0.2226986640582929,3.7229693763140905e-06
0.07086754776537418,-7.047314121155779e-18,3.230998253932248,-2.7822135314322787,-0.006545899591882166,-0.2226986640582929,3.7229693763140905e-06
0.0810034740716219,-7.047314121155779e-18,3.230998253932248,-2.7822135314322787,-0.006545899591882166,-0.2226986640582929,3.7229693763140905e-06
0.09107768721878529,-7.047314121155779e-18,3.230998253932248,-2.7822135314322787,-0.006545899591882166,-0.2226986640582929,3.7229693763140905e-06
0.10115034878253937,-7.047314121155779e-18,3.230998253932248,-2.7822135314322787,-0.006545899591882166,-0.2226986640582929,3.7229693763140905e-06
0.11126786656677723,-7.047314121155779e-18,3.230998253932248,-2.7822135314322787,-0.006545899591882166,-0.2226986640582929,3.7229693763140905e-06
0.12124253436923027,-7.047314121155779e-18,3.230998253932248,-2.7822135314322787,-0.006545899591882166,-0.2226986640582929,3.7229693763140905e-06
0.13130880519747734,-7.047314121155779e-18,3.230998253932248,-2.7822135314322787,-0.006545899591882166,-0.2226986640582929,3.7229693763140905e-06
0.14147176779806614,-7.047314121155779e-18,3.230998253932248,-2.7822135314322787,-0.006545899591882166,-0.2226986640582929,3.7229693763140905e-06
0.15146654099225998,-7.047314121155779e-18,3.230998253932248,-2.7822135314322787,-0.006545899591882166,-0.2226986640582929,3.7229693763140905e-06
0.16152583807706833,-7.047314121155779e-18,3.230998253932248,-2.7822135314322787,-0.006545899591882166,-0.2226986640582929,3.7229693763140905e-06
0.17230071499943733,-7.047314121155779e-18,3.230998253932248,-2.7822135314322787,-0.006545899591882166,-0.2226986640582929,3.7229693763140905e-06
0.18274356611073017,-7.047314121155779e-18,3.230998253932248,-2.7822135314322787,-0.006545899591882166,-0.2226986640582929,3.7229693763140905e-06
0.19289343431591988,-7.047314121155779e-18,3.230998253932248,-2.7822135314322787,-0.006545899591882166,-0.2226986640582929,3.7229693763140905e-06
0.20304015651345253,-7.047314121155779e-18,3.230998253932248,-2.7822135314322787,-0.006545899591882166,-0.2226986640582929,3.7229693763140905e-06
0.21327120065689087,-3.469446951953614e-18,3.230912750376252,-2.782299034988275,-0.006554947080735156,-0.22278404437387217,3.724419135064908e-06
0.22345983982086182,-3.469446951953614e-18,3.230912750376252,-2.782299034988275,-0.006554947080735156,-0.22278404437387217,3.724419135064908e-06
0.2336599249392748,-3.469446951953614e-18,3.230912750376252,-2.782299034988275,-0.006554947080735156,-0.22278404437387217,3.724419135064908e-06
0.2437999527901411,-3.469446951953614e-18,3.230912750376252,-2.782299034988275,-0.006554947080735156,-0.22278404437387217,3.724419135064908e-06
0.25406419299542904,-3.469446951953614e-18,3.230912750376252,-2.782299034988275,-0.006554947080735156,-0.22278404437387217,3.724419135064908e-06
0.26454539597034454,-3.469446951953614e-18,3.230912750376252,-2.782299034988275,-0.006554947080735156,-0.22278404437387217,3.724419135064908e-06
0.2747433912009001,-3.469446951953614e-18,3.230912750376252,-2.782299034988275,-0.006554947080735156,-0.22278404437387217,3.724419135064908e-06
0.2847890853881836,-3.469446951953614e-18,3.230912750376252,-2.782299034988275,-0.006554947080735156,-0.22278404437387217,3.724419135064908e-06
0.29490900225937366,-3.469446951953614e-18,3.230912750376252,-2.782299034988275,-0.006554947080735156,-0.22278404437387217,3.724419135064908e-06
0.3049631118774414,-3.469446951953614e-18,3.230912750376252,-2.782299034988275,-0.006554947080735156,-0.22278404437387217,3.724419135064908e-06
0.31518239714205265,-3.469446951953614e-18,3.230912750376252,-2.782299034988275,-0.006554947080735156,-0.22278404437387217,3.724419135064908e-06
0.3253031447529793,-3.469446951953614e-18,3.230912750376252,-2.782299034988275,-0.006554947080735156,-0.22278404437387217,3.724419135064908e-06
0.33538978546857834,-3.469446951953614e-18,3.230912750376252,-2.782299034988275,-0.006554947080735156,-0.22278404437387217,3.724419135064908e-06
0.3454360365867615,-3.469446951953614e-18,3.230912750376252,-2.782299034988275,-0.006554947080735156,-0.22278404437387217,3.724419135064908e-06
0.3554984889924526,-3.469446951953614e-18,3.230912750376252,-2.782299034988275,-0.006554947080735156,-0.22278404437387217,3.724419135064908e-06
0.3655669316649437,-3.469446951953614e-18,3.230912750376252,-2.782299034988275,-0.006554947080735156,-0.22278404437387217,3.724419135064908e-06
0.37575636245310307,-3.469446951953614e-18,3.230912750376252,-2.782299034988275,-0.006554947080735156,-0.22278404437387217,3.724419135064908e-06
0.3857431635260582,-3.469446951953614e-18,3.230912750376252,-2.782299034988275,-0.006554947080735156,-0.22278404437387217,3.724419135064908e-06
0.39591074734926224,-3.469446951953614e-18,3.230912750376252,-2.782299034988275,-0.006554947080735156,-0.22278404437387217,3.724419135064908e-06
0.40603993088006973,-3.469446951953614e-18,3.230912750376252,-2.782299034988275,-0.006554947080735156,-0.22278404437387217,3.724419135064908e-06
0.41617877036333084,-3.469446951953614e-18,3.230912750376252,-2.782299034988275,-0.006554947080735156,-0.22278404437387217,3.724419135064908e-06
0.4263058118522167,-3.469446951953614e-18,3.230912750376252,-2.782299034988275,-0.006554947080735156,-0.22278404437387217,3.724419135064908e-06
0.4363509230315685,-3.469446951953614e-18,3.230912750376252,-2.782299034988275,-0.006554947080735156,-0.22278404437387217,3.724419135064908e-06
0.4465002678334713,-3.469446951953614e-18,3.230912750376252,-2.782299034988275,-0.006554947080735156,-0.22278404437387217,3.724419135064908e-06
0.45658543705940247,-3.469446951953614e-18,3.230912750376252,-2.782299034988275,-0.006554947080735156,-0.22278404437387217,3.724419135064908e-06
0.47000524401664734,-3.469446951953614e-18,3.230912750376252,-2.782299034988275,-0.006554947080735156,-0.22278404437387217,3.724419135064908e-06
0.4802411738783121,-3.469446951953614e-18,3.230912750376252,-2.782299034988275,-0.006554947080735156,-0.22278404437387217,3.724419135064908e-06
0.4902645032852888,-3.469446951953614e-18,3.230912750376252,-2.782299034988275,-0.006554947080735156,-0.22278404437387217,3.724419135064908e-06
0.5003811754286289,-3.469446951953614e-18,3.230912750376252,-2.782299034988275,-0.006554947080735156,-0.22278404437387217,3.724419135064908e-06
0.510467853397131,-3.469446951953614e-18,3.230912750376252,-2.782299034988275,-0.006554947080735156,-0.22278404437387217,3.724419135064908e-06
0.5206016469746828,-3.469446951953614e-18,3.230912750376252,-2.782299034988275,-0.006554947080735156,-0.22278404437387217,3.724419135064908e-06
0.5307322628796101,-3.469446951953614e-18,3.230912750376252,-2.782299034988275,-0.006554947080735156,-0.22278404437387217,3.724419135064908e-06
0.540733627974987,-3.469446951953614e-18,3.230912750376252,-2.782299034988275,-0.006554947080735156,-0.22278404437387217,3.724419135064908e-06
0.5508556887507439,-3.469446951953614e-18,3.230912750376252,-2.782299034988275,-0.006554947080735156,-0.22278404437387217,3.724419135064908e-06
0.5609594415873289,-3.469446951953614e-18,3.230912750376252,-2.782299034988275,-0.006554947080735156,-0.22278404437387217,3.724419135064908e-06
0.5710502862930298,-3.469446951953614e-18,3.230912750376252,-2.782299034988275,-0.006554947080735156,-0.22278404437387217,3.724419135064908e-06
0.5810338351875544,-3.469446951953614e-18,3.230912750376252,-2.782299034988275,-0.006554947080735156,-0.22278404437387217,3.724419135064908e-06
0.5911161620169878,-3.469446951953614e-18,3.230912750376252,-2.782299034988275,-0.006554947080735156,-0.22278404437387217,3.724419135064908e-06
0.6014919485896826,-3.469446951953614e-18,3.230912750376252,-2.782299034988275,-0.006554947080735156,-0.22278404437387217,3.724419135064908e-06
0.611565476283431,-3.469446951953614e-18,3.230912750376252,-2.782299034988275,-0.006554947080735156,-0.22278404437387217,3.724419135064908e-06
0.6218534894287586,-3.469446951953614e-18,3.230912750376252,-2.782299034988275,-0.006554947080735156,-0.22278404437387217,3.724419135064908e-06
0.6333442591130733,-3.7947076036992655e-18,3.2308274697873864,-2.782384315577141,-0.00656399926878181,-0.2228692019054257,3.725865078435668e-06
0.6436681933701038,-3.7947076036992655e-18,3.2308274697873864,-2.782384315577141,-0.00656399926878181,-0.2228692019054257,3.725865078435668e-06
0.6550011429935694,-3.7947076036992655e-18,3.2308274697873864,-2.782384315577141,-0.00656399926878181,-0.2228692019054257,3.725865078435668e-06
0.6650520414113998,-3.7947076036992655e-18,3.2308274697873864,-2.782384315577141,-0.00656399926878181,-0.2228692019054257,3.725865078435668e-06
0.675190644338727,-3.7947076036992655e-18,3.2308274697873864,-2.782384315577141,-0.00656399926878181,-0.2228692019054257,3.725865078435668e-06
0.6853359993547201,-3.7947076036992655e-18,3.2308274697873864,-2.782384315577141,-0.00656399926878181,-0.2228692019054257,3.725865078435668e-06
0.695340171456337,-3.7947076036992655e-18,3.2308274697873864,-2.782384315577141,-0.00656399926878181,-0.2228692019054257,3.725865078435668e-06
0.7054729741066694,-3.7947076036992655e-18,3.2308274697873864,-2.782384315577141,-0.00656399926878181,-0.2228692019054257,3.725865078435668e-06
0.7154734935611486,-3.7947076036992655e-18,3.2308274697873864,-2.782384315577141,-0.00656399926878181,-0.2228692019054257,3.725865078435668e-06
0.7256199773401022,-3.7947076036992655e-18,3.2308274697873864,-2.782384315577141,-0.00656399926878181,-0.2228692019054257,3.725865078435668e-06
0.7356140986084938,-3.7947076036992655e-18,3.2308274697873864,-2.782384315577141,-0.00656399926878181,-0.2228692019054257,3.725865078435668e-06
0.7457725293934345,-3.7947076036992655e-18,3.2308274697873864,-2.782384315577141,-0.00656399926878181,-0.2228692019054257,3.725865078435668e-06
0.7559112254530191,-3.7947076036992655e-18,3.2308274697873864,-2.782384315577141,-0.00656399926878181,-0.2228692019054257,3.725865078435668e-06
0.7659681383520365,-3.7947076036992655e-18,3.2308274697873864,-2.782384315577141,-0.00656399926878181,-0.2228692019054257,3.725865078435668e-06
0.7760474756360054,-3.7947076036992655e-18,3.2308274697873864,-2.782384315577141,-0.00656399926878181,-0.2228692019054257,3.725865078435668e-06
0.7862080950289965,-3.7947076036992655e-18,3.2308274697873864,-2.782384315577141,-0.00656399926878181,-0.2228692019054257,3.725865078435668e-06
0.7962672468274832,-3.7947076036992655e-18,3.2308274697873864,-2.782384315577141,-0.00656399926878181,-0.2228692019054257,3.725865078435668e-06
0.806339068338275,-3.7947076036992655e-18,3.2308274697873864,-2.782384315577141,-0.00656399926878181,-0.2228692019054257,3.725865078435668e-06
0.8164039142429829,-3.7947076036992655e-18,3.2308274697873864,-2.782384315577141,-0.00656399926878181,-0.2228692019054257,3.725865078435668e-06
0.826579125598073,-3.7947076036992655e-18,3.2308274697873864,-2.782384315577141,-0.00656399926878181,-0.2228692019054257,3.725865078435668e-06
0.8369149211794138,-3.7947076036992655e-18,3.2308274697873864,-2.782384315577141,-0.00656399926878181,-0.2228692019054257,3.725865078435668e-06
0.8471603058278561,-3.7947076036992655e-18,3.2308274697873864,-2.782384315577141,-0.00656399926878181,-0.2228692019054257,3.725865078435668e-06
0.8574061132967472,-3.7947076036992655e-18,3.2308274697873864,-2.782384315577141,-0.00656399926878181,-0.2228692019054257,3.725865078435668e-06
0.867663873359561,-3.7947076036992655e-18,3.2308274697873864,-2.782384315577141,-0.00656399926878181,-0.2228692019054257,3.725865078435668e-06
0.8778161462396383,-3.7947076036992655e-18,3.2308274697873864,-2.782384315577141,-0.00656399926878181,-0.2228692019054257,3.725865078435668e-06
0.8886188808828592,-3.7947076036992655e-18,3.2308274697873864,-2.782384315577141,-0.00656399926878181,-0.2228692019054257,3.725865078435668e-06
0.8988765440881252,-3.7947076036992655e-18,3.2308274697873864,-2.782384315577141,-0.00656399926878181,-0.2228692019054257,3.725865078435668e-06
0.9090946801006794,-3.7947076036992655e-18,3.2308274697873864,-2.782384315577141,-0.00656399926878181,-0.2228692019054257,3.725865078435668e-06
0.9192361105233431,-3.7947076036992655e-18,3.2308274697873864,-2.782384315577141,-0.00656399926878181,-0.2228692019054257,3.725865078435668e-06
0.9294817876070738,-3.7947076036992655e-18,3.2308274697873864,-2.782384315577141,-0.00656399926878181,-0.2228692019054257,3.725865078435668e-06
0.9399986639618874,-3.7947076036992655e-18,3.2308274697873864,-2.782384315577141,-0.00656399926878181,-0.2228692019054257,3.725865078435668e-06
0.9501365348696709,-3.7947076036992655e-18,3.2308274697873864,-2.782384315577141,-0.00656399926878181,-0.2228692019054257,3.725865078435668e-06
0.9603711050003767,-3.7947076036992655e-18,3.2308274697873864,-2.782384315577141,-0.00656399926878181,-0.2228692019054257,3.725865078435668e-06
0.970396475866437,-3.7947076036992655e-18,3.2308274697873864,-2.782384315577141,-0.00656399926878181,-0.2228692019054257,3.725865078435668e-06
0.9805479384958744,-3.7947076036992655e-18,3.2308274697873864,-2.782384315577141,-0.00656399926878181,-0.2228692019054257,3.725865078435668e-06
0.990611856803298,-3.7947076036992655e-18,3.2308274697873864,-2.782384315577141,-0.00656399926878181,-0.2228692019054257,3.725865078435668e-06
1.0006848275661469,-3.7947076036992655e-18,3.2308274697873864,-2.782384315577141,-0.00656399926878181,-0.2228692019054257,3.725865078435668e-06
1.0107625685632229,-3.7947076036992655e-18,3.2308274697873864,-2.782384315577141,-0.00656399926878181,-0.2228692019054257,3.725865078435668e-06
1.0207656510174274,-3.7947076036992655e-18,3.2308274697873864,-2.782384315577141,-0.00656399926878181,-0.2228692019054257,3.725865078435668e-06
1.0308313891291618,-3.7947076036992655e-18,3.2308274697873864,-2.782384315577141,-0.00656399926878181,-0.2228692019054257,3.725865078435668e-06
1.0409749411046505,-3.7947076036992655e-18,3.2308274697873864,-2.782384315577141,-0.00656399926878181,-0.2228692019054257,3.725865078435668e-06
1.0511232390999794,-3.7947076036992655e-18,3.2308274697873864,-2.782384315577141,-0.00656399926878181,-0.2228692019054257,3.725865078435668e-06
1.061196941882372,-3.7947076036992655e-18,3.2308274697873864,-2.782384315577141,-0.00656399926878181,-0.2228692019054257,3.725865078435668e-06
1.0712728016078472,-3.7947076036992655e-18,3.2308274697873864,-2.782384315577141,-0.00656399926878181,-0.2228692019054257,3.725865078435668e-06
1.0813494008034468,-3.7947076036992655e-18,3.2308274697873864,-2.782384315577141,-0.00656399926878181,-0.2228692019054257,3.725865078435668e-06
1.0914333295077085,-3.7947076036992655e-18,3.2308274697873864,-2.782384315577141,-0.00656399926878181,-0.2228692019054257,3.725865078435668e-06
1.1014267317950726,-3.7947076036992655e-18,3.2308274697873864,-2.782384315577141,-0.00656399926878181,-0.2228692019054257,3.725865078435668e-06
1.1118596903979778,-3.7947076036992655e-18,3.2308274697873864,-2.782384315577141,-0.00656399926878181,-0.2228692019054257,3.725865078435668e-06
1.1232724376022816,-3.7947076036992655e-18,3.2308274697873864,-2.782384315577141,-0.00656399926878181,-0.2228692019054257,3.725865078435668e-06
1.1335861701518297,-3.7947076036992655e-18,3.2308274697873864,-2.782384315577141,-0.00656399926878181,-0.2228692019054257,3.725865078435668e-06
1.1437285635620356,-3.7947076036992655e-18,3.2308274697873864,-2.782384315577141,-0.00656399926878181,-0.2228692019054257,3.725865078435668e-06
1.1538577266037464,-3.7947076036992655e-18,3.2308274697873864,-2.782384315577141,-0.00656399926878181,-0.2228692019054257,3.725865078435668e-06
1.1639906633645296,-3.7947076036992655e-18,3.2308274697873864,-2.782384315577141,-0.00656399926878181,-0.2228692019054257,3.725865078435668e-06
1.1743449997156858,-3.7947076036992655e-18,3.2308274697873864,-2.782384315577141,-0.00656399926878181,-0.2228692019054257,3.725865078435668e-06
1.1844906583428383,-3.7947076036992655e-18,3.2308274697873864,-2.782384315577141,-0.00656399926878181,-0.2228692019054257,3.725865078435668e-06
1.1945556160062551,-3.7947076036992655e-18,3.2308274697873864,-2.782384315577141,-0.00656399926878181,-0.2228692019054257,3.725865078435668e-06
1.2046185489743948,-3.7947076036992655e-18,3.2308274697873864,-2.782384315577141,-0.00656399926878181,-0.2228692019054257,3.725865078435668e-06
1.2147470153868198,-3.7947076036992655e-18,3.2308274697873864,-2.782384315577141,-0.00656399926878181,-0.2228692019054257,3.725865078435668e-06
1.22480970621109,-3.7947076036992655e-18,3.2308274697873864,-2.782384315577141,-0.00656399926878181,-0.2228692019054257,3.725865078435668e-06
1.2349558249115944,-3.7947076036992655e-18,3.2308274697873864,-2.782384315577141,-0.00656399926878181,-0.2228692019054257,3.725865078435668e-06
1.2449752446264029,-3.7947076036992655e-18,3.2308274697873864,-2.782384315577141,-0.00656399926878181,-0.2228692019054257,3.725865078435668e-06
1.2552545014768839,-3.7947076036992655e-18,3.2308274697873864,-2.782384315577141,-0.00656399926878181,-0.2228692019054257,3.725865078435668e-06
1.265413660556078,-3.7947076036992655e-18,3.2308274697873864,-2.782384315577141,-0.00656399926878181,-0.2228692019054257,3.725865078435668e-06
1.275487169623375,-3.7947076036992655e-18,3.2308274697873864,-2.782384315577141,-0.00656399926878181,-0.2228692019054257,3.725865078435668e-06
1.2855371087789536,-3.7947076036992655e-18,3.2308274697873864,-2.782384315577141,-0.00656399926878181,-0.2228692019054257,3.725865078435668e-06
1.2955665923655033,-3.7947076036992655e-18,3.2308274697873864,-2.782384315577141,-0.00656399926878181,-0.2228692019054257,3.725865078435668e-06
1.3056345991790295,-3.7947076036992655e-18,3.2308274697873864,-2.782384315577141,-0.00656399926878181,-0.2228692019054257,3.725865078435668e-06
1.315699853003025,-3.7947076036992655e-18,3.2308274697873864,-2.782384315577141,-0.00656399926878181,-0.2228692019054257,3.725865078435668e-06
1.3259132485836744,-3.7947076036992655e-18,3.2308274697873864,-2.782384315577141,-0.00656399926878181,-0.2228692019054257,3.725865078435668e-06
1.3360406793653965,-3.7947076036992655e-18,3.2308274697873864,-2.782384315577141,-0.00656399926878181,-0.2228692019054257,3.725865078435668e-06
1.3461143095046282,-3.7947076036992655e-18,3.2308274697873864,-2.782384315577141,-0.00656399926878181,-0.2228692019054257,3.725865078435668e-06
1.3562720231711864,-3.7947076036992655e-18,3.2308274697873864,-2.782384315577141,-0.00656399926878181,-0.2228692019054257,3.725865078435668e-06
1.3662742190063,-3.7947076036992655e-18,3.2308274697873864,-2.782384315577141,-0.00656399926878181,-0.2228692019054257,3.725865078435668e-06
1.3762830793857574,-3.7947076036992655e-18,3.2308274697873864,-2.782384315577141,-0.00656399926878181,-0.2228692019054257,3.725865078435668e-06
1.3863523919135332,-3.7947076036992655e-18,3.2308274697873864,-2.782384315577141,-0.00656399926878181,-0.2228692019054257,3.725865078435668e-06
1.3964218255132437,-3.7947076036992655e-18,3.2308274697873864,-2.782384315577141,-0.00656399926878181,-0.2228692019054257,3.725865078435668e-06
1.406724527478218,-3.7947076036992655e-18,3.2308274697873864,-2.782384315577141,-0.00656399926878181,-0.2228692019054257,3.725865078435668e-06
1.4203254524618387,-3.7947076036992655e-18,3.2308274697873864,-2.782384315577141,-0.00656399926878181,-0.2228692019054257,3.725865078435668e-06
1.430531021207571,-3.7947076036992655e-18,3.2308274697873864,-2.782384315577141,-0.00656399926878181,-0.2228692019054257,3.725865078435668e-06
1.4406212288886309,-3.7947076036992655e-18,3.2308274697873864,-2.782384315577141,-0.00656399926878181,-0.2228692019054257,3.725865078435668e-06
1.4506671540439129,-3.7947076036992655e-18,3.2308274697873864,-2.782384315577141,-0.00656399926878181,-0.2228692019054257,3.725865078435668e-06
1.4608221240341663,-3.7947076036992655e-18,3.2308274697873864,-2.782384315577141,-0.00656399926878181,-0.2228692019054257,3.725865078435668e-06
1.4709531348198652,-3.7947076036992655e-18,3.2308274697873864,-2.782384315577141,-0.00656399926878181,-0.2228692019054257,3.725865078435668e-06
1.4810218028724194,-3.7947076036992655e-18,3.2308274697873864,-2.782384315577141,-0.00656399926878181,-0.2228692019054257,3.725865078435668e-06
1.4910296518355608,-3.7947076036992655e-18,3.2308274697873864,-2.782384315577141,-0.00656399926878181,-0.2228692019054257,3.725865078435668e-06
1.501202005892992,-3.7947076036992655e-18,3.2308274697873864,-2.782384315577141,-0.00656399926878181,-0.2228692019054257,3.725865078435668e-06
1.5112931542098522,-3.7947076036992655e-18,3.2308274697873864,-2.782384315577141,-0.00656399926878181,-0.2228692019054257,3.725865078435668e-06
1.521424164995551,-3.7947076036992655e-18,3.2308274697873864,-2.782384315577141,-0.00656399926878181,-0.2228692019054257,3.725865078435668e-06
1.5314898546785116,-3.7947076036992655e-18,3.2308274697873864,-2.782384315577141,-0.00656399926878181,-0.2228692019054257,3.725865078435668e-06
1.5415586978197098,-3.7947076036992655e-18,3.2308274697873864,-2.782384315577141,-0.00656399926878181,-0.2228692019054257,3.725865078435668e-06
1.5522756408900023,-3.7947076036992655e-18,3.2308274697873864,-2.782384315577141,-0.00656399926878181,-0.2228692019054257,3.725865078435668e-06
1.5624824538826942,-3.7947076036992655e-18,3.2308274697873864,-2.782384315577141,-0.00656399926878181,-0.2228692019054257,3.725865078435668e-06
1.572734348475933,-3.7947076036992655e-18,3.2308274697873864,-2.782384315577141,-0.00656399926878181,-0.2228692019054257,3.725865078435668e-06
1.5828990042209625,-4.553649124439119e-18,3.2307424122509314,-2.782469373113596,-0.006573056146969945,-0.22295413656779586,3.7273072049804277e-06
1.5929643791168928,-4.553649124439119e-18,3.2307424122509314,-2.782469373113596,-0.006573056146969945,-0.22295413656779586,3.7273072049804277e-06
1.603576323017478,-4.553649124439119e-18,3.2307424122509314,-2.782469373113596,-0.006573056146969945,-0.22295413656779586,3.7273072049804277e-06
1.6141873691231012,-4.553649124439119e-18,3.2307424122509314,-2.782469373113596,-0.006573056146969945,-0.22295413656779586,3.7273072049804277e-06
1.6242736987769604,-4.553649124439119e-18,3.2307424122509314,-2.782469373113596,-0.006573056146969945,-0.22295413656779586,3.7273072049804277e-06
1.6345158517360687,-4.553649124439119e-18,3.2307424122509314,-2.782469373113596,-0.006573056146969945,-0.22295413656779586,3.7273072049804277e-06
1.644866831600666,-4.553649124439119e-18,3.2307424122509314,-2.782469373113596,-0.006573056146969945,-0.22295413656779586,3.7273072049804277e-06
1.6549247689545155,-4.553649124439119e-18,3.2307424122509314,-2.782469373113596,-0.006573056146969945,-0.22295413656779586,3.7273072049804277e-06
1.6651410963386297,-4.553649124439119e-18,3.2307424122509314,-2.782469373113596,-0.006573056146969945,-0.22295413656779586,3.7273072049804277e-06
1.6752544306218624,-4.553649124439119e-18,3.2307424122509314,-2.782469373113596,-0.006573056146969945,-0.22295413656779586,3.7273072049804277e-06
1.6853142604231834,-4.553649124439119e-18,3.2307424122509314,-2.782469373113596,-0.006573056146969945,-0.22295413656779586,3.7273072049804277e-06
1.695704972371459,-4.553649124439119e-18,3.2307424122509314,-2.782469373113596,-0.006573056146969945,-0.22295413656779586,3.7273072049804277e-06
1.7058455180376768,-4.553649124439119e-18,3.2307424122509314,-2.782469373113596,-0.006573056146969945,-0.22295413656779586,3.7273072049804277e-06
1.7159307226538658,-4.553649124439119e-18,3.2307424122509314,-2.782469373113596,-0.006573056146969945,-0.22295413656779586,3.7273072049804277e-06
1.7260821089148521,-4.553649124439119e-18,3.2307424122509314,-2.782469373113596,-0.006573056146969945,-0.22295413656779586,3.7273072049804277e-06
1.7362508494406939,-4.553649124439119e-18,3.2307424122509314,-2.782469373113596,-0.006573056146969945,-0.22295413656779586,3.7273072049804277e-06
1.746286366134882,-4.553649124439119e-18,3.2307424122509314,-2.782469373113596,-0.006573056146969945,-0.22295413656779586,3.7273072049804277e-06
1.7564293015748262,-4.553649124439119e-18,3.2307424122509314,-2.782469373113596,-0.006573056146969945,-0.22295413656779586,3.7273072049804277e-06
1.7665753345936537,-4.553649124439119e-18,3.2307424122509314,-2.782469373113596,-0.006573056146969945,-0.22295413656779586,3.7273072049804277e-06
1.776559915393591,-4.553649124439119e-18,3.2307424122509314,-2.782469373113596,-0.006573056146969945,-0.22295413656779586,3.7273072049804277e-06
1.7871396262198687,-4.553649124439119e-18,3.2307424122509314,-2.782469373113596,-0.006573056146969945,-0.22295413656779586,3.7273072049804277e-06
1.7973607052117586,-4.553649124439119e-18,3.2307424122509314,-2.782469373113596,-0.006573056146969945,-0.22295413656779586,3.7273072049804277e-06
1.8075187932699919,-4.553649124439119e-18,3.2307424122509314,-2.782469373113596,-0.006573056146969945,-0.22295413656779586,3.7273072049804277e-06
1.8181966003030539,-4.553649124439119e-18,3.2307424122509314,-2.782469373113596,-0.006573056146969945,-0.22295413656779586,3.7273072049804277e-06
1.8292582277208567,-4.553649124439119e-18,3.2307424122509314,-2.782469373113596,-0.006573056146969945,-0.22295413656779586,3.7273072049804277e-06
1.8400800321251154,-4.553649124439119e-18,3.2307424122509314,-2.782469373113596,-0.006573056146969945,-0.22295413656779586,3.7273072049804277e-06
1.8501503765583038,-4.553649124439119e-18,3.2307424122509314,-2.782469373113596,-0.006573056146969945,-0.22295413656779586,3.7273072049804277e-06
1.8602159563452005,-4.553649124439119e-18,3.2307424122509314,-2.782469373113596,-0.006573056146969945,-0.22295413656779586,3.7273072049804277e-06
1.8703622687608004,-4.553649124439119e-18,3.2307424122509314,-2.782469373113596,-0.006573056146969945,-0.22295413656779586,3.7273072049804277e-06
1.880429720506072,-4.553649124439119e-18,3.2307424122509314,-2.782469373113596,-0.006573056146969945,-0.22295413656779586,3.7273072049804277e-06
1.890492994338274,-4.553649124439119e-18,3.2307424122509314,-2.782469373113596,-0.006573056146969945,-0.22295413656779586,3.7273072049804277e-06
1.900556130334735,-4.553649124439119e-18,3.2307424122509314,-2.782469373113596,-0.006573056146969945,-0.22295413656779586,3.7273072049804277e-06
1.9106185603886843,-4.553649124439119e-18,3.2307424122509314,-2.782469373113596,-0.006573056146969945,-0.22295413656779586,3.7273072049804277e-06
1.9206865299493074,-4.553649124439119e-18,3.2307424122509314,-2.782469373113596,-0.006573056146969945,-0.22295413656779586,3.7273072049804277e-06
1.9308415483683348,-4.553649124439119e-18,3.2307424122509314,-2.782469373113596,-0.006573056146969945,-0.22295413656779586,3.7273072049804277e-06
1.9408324528485537,-4.553649124439119e-18,3.2307424122509314,-2.782469373113596,-0.006573056146969945,-0.22295413656779586,3.7273072049804277e-06
1.9509770534932613,-4.553649124439119e-18,3.2307424122509314,-2.782469373113596,-0.006573056146969945,-0.22295413656779586,3.7273072049804277e-06
1.9610552079975605,-4.553649124439119e-18,3.2307424122509314,-2.782469373113596,-0.006573056146969945,-0.22295413656779586,3.7273072049804277e-06
1.9710499700158834,-4.553649124439119e-18,3.2307424122509314,-2.782469373113596,-0.006573056146969945,-0.22295413656779586,3.7273072049804277e-06
1.9812797345221043,-4.553649124439119e-18,3.2307424122509314,-2.782469373113596,-0.006573056146969945,-0.22295413656779586,3.7273072049804277e-06
1.9913266953080893,-4.553649124439119e-18,3.2307424122509314,-2.782469373113596,-0.006573056146969945,-0.22295413656779586,3.7273072049804277e-06
2.0014117546379566,-4.553649124439119e-18,3.2307424122509314,-2.782469373113596,-0.006573056146969945,-0.22295413656779586,3.7273072049804277e-06
2.0114873498678207,-4.553649124439119e-18,3.2307424122509314,-2.782469373113596,-0.006573056146969945,-0.22295413656779586,3.7273072049804277e-06
2.0216446947306395,-4.553649124439119e-18,3.2307424122509314,-2.782469373113596,-0.006573056146969945,-0.22295413656779586,3.7273072049804277e-06
2.03172723390162,-4.553649124439119e-18,3.2307424122509314,-2.782469373113596,-0.006573056146969945,-0.22295413656779586,3.7273072049804277e-06
2.0419637709856033,-4.553649124439119e-18,3.2307424122509314,-2.782469373113596,-0.006573056146969945,-0.22295413656779586,3.7273072049804277e-06
2.055245602503419,-4.553649124439119e-18,3.2307424122509314,-2.782469373113596,-0.006573056146969945,-0.22295413656779586,3.7273072049804277e-06
2.0654661655426025,-4.553649124439119e-18,3.2307424122509314,-2.782469373113596,-0.006573056146969945,-0.22295413656779586,3.7273072049804277e-06
2.0756235253065825,-4.553649124439119e-18,3.2307424122509314,-2.782469373113596,-0.006573056146969945,-0.22295413656779586,3.7273072049804277e-06
2.085708560422063,-4.553649124439119e-18,3.2307424122509314,-2.782469373113596,-0.006573056146969945,-0.22295413656779586,3.7273072049804277e-06
2.095781249925494,-4.553649124439119e-18,3.2307424122509314,-2.782469373113596,-0.006573056146969945,-0.22295413656779586,3.7273072049804277e-06
2.1058398373425007,-4.553649124439119e-18,3.2307424122509314,-2.782469373113596,-0.006573056146969945,-0.22295413656779586,3.7273072049804277e-06
2.115939110517502,-4.553649124439119e-18,3.2307424122509314,-2.782469373113596,-0.006573056146969945,-0.22295413656779586,3.7273072049804277e-06
2.125994708389044,-4.553649124439119e-18,3.2307424122509314,-2.782469373113596,-0.006573056146969945,-0.22295413656779586,3.7273072049804277e-06
2.136093281209469,-4.553649124439119e-18,3.2307424122509314,-2.782469373113596,-0.006573056146969945,-0.22295413656779586,3.7273072049804277e-06
2.1463056188076735,-4.553649124439119e-18,3.2307424122509314,-2.782469373113596,-0.006573056146969945,-0.22295413656779586,3.7273072049804277e-06
2.156444177031517,-4.553649124439119e-18,3.2307424122509314,-2.782469373113596,-0.006573056146969945,-0.22295413656779586,3.7273072049804277e-06
2.1664828322827816,-4.553649124439119e-18,3.2307424122509314,-2.782469373113596,-0.006573056146969945,-0.22295413656779586,3.7273072049804277e-06
2.1765524055808783,-4.553649124439119e-18,3.2307424122509314,-2.782469373113596,-0.006573056146969945,-0.22295413656779586,3.7273072049804277e-06
2.187587657943368,-4.553649124439119e-18,3.2307424122509314,-2.782469373113596,-0.006573056146969945,-0.22295413656779586,3.7273072049804277e-06
2.1982575729489326,-4.553649124439119e-18,3.2307424122509314,-2.782469373113596,-0.006573056146969945,-0.22295413656779586,3.7273072049804277e-06
2.2084744535386562,-4.553649124439119e-18,3.2307424122509314,-2.782469373113596,-0.006573056146969945,-0.22295413656779586,3.7273072049804277e-06
2.2187460213899612,-4.553649124439119e-18,3.2307424122509314,-2.782469373113596,-0.006573056146969945,-0.22295413656779586,3.7273072049804277e-06
2.229486955329776,-4.553649124439119e-18,3.2307424122509314,-2.782469373113596,-0.006573056146969945,-0.22295413656779586,3.7273072049804277e-06
2.2397475503385067,-4.553649124439119e-18,3.2307424122509314,-2.782469373113596,-0.006573056146969945,-0.22295413656779586,3.7273072049804277e-06
2.2499127332121134,-4.553649124439119e-18,3.2307424122509314,-2.782469373113596,-0.006573056146969945,-0.22295413656779586,3.7273072049804277e-06
2.260027661919594,-4.553649124439119e-18,3.2307424122509314,-2.782469373113596,-0.006573056146969945,-0.22295413656779586,3.7273072049804277e-06
2.2701874673366547,-4.553649124439119e-18,3.2307424122509314,-2.782469373113596,-0.006573056146969945,-0.22295413656779586,3.7273072049804277e-06
2.280372416600585,-4.553649124439119e-18,3.2307424122509314,-2.782469373113596,-0.006573056146969945,-0.22295413656779586,3.7273072049804277e-06
2.2905034329742193,-4.553649124439119e-18,3.2307424122509314,-2.782469373113596,-0.006573056146969945,-0.22295413656779586,3.7273072049804277e-06
2.300629397854209,-4.553649124439119e-18,3.2307424122509314,-2.782469373113596,-0.006573056146969945,-0.22295413656779586,3.7273072049804277e-06
2.3107523173093796,-4.553649124439119e-18,3.2307424122509314,-2.782469373113596,-0.006573056146969945,-0.22295413656779586,3.7273072049804277e-06
2.3208061177283525,-4.553649124439119e-18,3.2307424122509314,-2.782469373113596,-0.006573056146969945,-0.22295413656779586,3.7273072049804277e-06
2.3309921845793724,-4.553649124439119e-18,3.2307424122509314,-2.782469373113596,-0.006573056146969945,-0.22295413656779586,3.7273072049804277e-06
2.341035708785057,-4.553649124439119e-18,3.2307424122509314,-2.782469373113596,-0.006573056146969945,-0.22295413656779586,3.7273072049804277e-06
2.3510284926742315,-4.553649124439119e-18,3.2307424122509314,-2.782469373113596,-0.006573056146969945,-0.22295413656779586,3.7273072049804277e-06
2.361160673201084,-4.553649124439119e-18,3.2307424122509314,-2.782469373113596,-0.006573056146969945,-0.22295413656779586,3.7273072049804277e-06
2.3711571879684925,-4.553649124439119e-18,3.2307424122509314,-2.782469373113596,-0.006573056146969945,-0.22295413656779586,3.7273072049804277e-06
2.3811929281800985,-4.553649124439119e-18,3.2307424122509314,-2.782469373113596,-0.006573056146969945,-0.22295413656779586,3.7273072049804277e-06
2.3913239389657974,-4.553649124439119e-18,3.2307424122509314,-2.782469373113596,-0.006573056146969945,-0.22295413656779586,3.7273072049804277e-06
2.401446007192135,-4.553649124439119e-18,3.2307424122509314,-2.782469373113596,-0.006573056146969945,-0.22295413656779586,3.7273072049804277e-06
2.4114988204091787,-4.553649124439119e-18,3.2307424122509314,-2.782469373113596,-0.006573056146969945,-0.22295413656779586,3.7273072049804277e-06
2.422317823395133,-4.553649124439119e-18,3.2307424122509314,-2.782469373113596,-0.006573056146969945,-0.22295413656779586,3.7273072049804277e-06
2.432638943195343,-4.553649124439119e-18,3.2307424122509314,-2.782469373113596,-0.006573056146969945,-0.22295413656779586,3.7273072049804277e-06
2.442823177203536,-4.553649124439119e-18,3.2307424122509314,-2.782469373113596,-0.006573056146969945,-0.22295413656779586,3.7273072049804277e-06
2.453202459961176,-4.553649124439119e-18,3.2307424122509314,-2.782469373113596,-0.006573056146969945,-0.22295413656779586,3.7273072049804277e-06
2.4642260558903217,-4.553649124439119e-18,3.2307424122509314,-2.782469373113596,-0.006573056146969945,-0.22295413656779586,3.7273072049804277e-06
2.474292855709791,-4.553649124439119e-18,3.2307424122509314,-2.782469373113596,-0.006573056146969945,-0.22295413656779586,3.7273072049804277e-06
2.4845434240996838,-4.553649124439119e-18,3.2307424122509314,-2.782469373113596,-0.006573056146969945,-0.22295413656779586,3.7273072049804277e-06
2.49468831717968,-4.553649124439119e-18,3.2307424122509314,-2.782469373113596,-0.006573056146969945,-0.22295413656779586,3.7273072049804277e-06
2.5047531463205814,-4.553649124439119e-18,3.2307424122509314,-2.782469373113596,-0.006573056146969945,-0.22295413656779586,3.7273072049804277e-06
2.5149010811001062,-4.553649124439119e-18,3.2307424122509314,-2.782469373113596,-0.006573056146969945,-0.22295413656779586,3.7273072049804277e-06
2.5248959865421057,-4.553649124439119e-18,3.2307424122509314,-2.782469373113596,-0.006573056146969945,-0.22295413656779586,3.7273072049804277e-06
2.535122761502862,-4.553649124439119e-18,3.2307424122509314,-2.782469373113596,-0.006573056146969945,-0.22295413656779586,3.7273072049804277e-06
2.5452520716935396,-4.553649124439119e-18,3.2307424122509314,-2.782469373113596,-0.006573056146969945,-0.22295413656779586,3.7273072049804277e-06
2.555314913392067,-4.553649124439119e-18,3.2307424122509314,-2.782469373113596,-0.006573056146969945,-0.22295413656779586,3.7273072049804277e-06
2.565378373488784,-4.553649124439119e-18,3.2307424122509314,-2.782469373113596,-0.006573056146969945,-0.22295413656779586,3.7273072049804277e-06
2.575536537915468,-4.553649124439119e-18,3.2307424122509314,-2.782469373113596,-0.006573056146969945,-0.22295413656779586,3.7273072049804277e-06
2.585609830915928,-4.553649124439119e-18,3.2307424122509314,-2.782469373113596,-0.006573056146969945,-0.22295413656779586,3.7273072049804277e-06
2.5956866517663,-4.553649124439119e-18,3.2307424122509314,-2.782469373113596,-0.006573056146969945,-0.22295413656779586,3.7273072049804277e-06
2.605766547843814,-4.553649124439119e-18,3.2307424122509314,-2.782469373113596,-0.006573056146969945,-0.22295413656779586,3.7273072049804277e-06
2.6158567648380995,-4.553649124439119e-18,3.2307424122509314,-2.782469373113596,-0.006573056146969945,-0.22295413656779586,3.7273072049804277e-06
2.6259292028844357,-4.553649124439119e-18,3.2307424122509314,-2.782469373113596,-0.006573056146969945,-0.22295413656779586,3.7273072049804277e-06
2.63592760078609,-4.553649124439119e-18,3.2307424122509314,-2.782469373113596,-0.006573056146969945,-0.22295413656779586,3.7273072049804277e-06
2.6460713036358356,-4.553649124439119e-18,3.2307424122509314,-2.782469373113596,-0.006573056146969945,-0.22295413656779586,3.7273072049804277e-06
2.6563000455498695,-4.553649124439119e-18,3.2307424122509314,-2.782469373113596,-0.006573056146969945,-0.22295413656779586,3.7273072049804277e-06
2.6663376428186893,-4.553649124439119e-18,3.2307424122509314,-2.782469373113596,-0.006573056146969945,-0.22295413656779586,3.7273072049804277e-06
2.6764566712081432,-4.553649124439119e-18,3.2307424122509314,-2.782469373113596,-0.006573056146969945,-0.22295413656779586,3.7273072049804277e-06
2.687109313905239,-4.553649124439119e-18,3.2307424122509314,-2.782469373113596,-0.006573056146969945,-0.22295413656779586,3.7273072049804277e-06
2.698322780430317,-4.553649124439119e-18,3.2307424122509314,-2.782469373113596,-0.006573056146969945,-0.22295413656779586,3.7273072049804277e-06
2.7085242215543985,-4.553649124439119e-18,3.2307424122509314,-2.782469373113596,-0.006573056146969945,-0.22295413656779586,3.7273072049804277e-06
2.719309862703085,-4.553649124439119e-18,3.2307424122509314,-2.782469373113596,-0.006573056146969945,-0.22295413656779586,3.7273072049804277e-06
2.7295304778963327,-4.553649124439119e-18,3.2307424122509314,-2.782469373113596,-0.006573056146969945,-0.22295413656779586,3.7273072049804277e-06
2.7395906411111355,-4.553649124439119e-18,3.2307424122509314,-2.782469373113596,-0.006573056146969945,-0.22295413656779586,3.7273072049804277e-06
2.749917985871434,-4.553649124439119e-18,3.2307424122509314,-2.782469373113596,-0.006573056146969945,-0.22295413656779586,3.7273072049804277e-06
2.760086577385664,-4.553649124439119e-18,3.2307424122509314,-2.782469373113596,-0.006573056146969945,-0.22295413656779586,3.7273072049804277e-06
2.770160999149084,-4.553649124439119e-18,3.2307424122509314,-2.782469373113596,-0.006573056146969945,-0.22295413656779586,3.7273072049804277e-06
2.7802180256694555,-4.553649124439119e-18,3.2307424122509314,-2.782469373113596,-0.006573056146969945,-0.22295413656779586,3.7273072049804277e-06
2.7902855053544044,-4.553649124439119e-18,3.2307424122509314,-2.782469373113596,-0.006573056146969945,-0.22295413656779586,3.7273072049804277e-06
2.8003477305173874,-4.553649124439119e-18,3.2307424122509314,-2.782469373113596,-0.006573056146969945,-0.22295413656779586,3.7273072049804277e-06
2.810410788282752,-4.553649124439119e-18,3.2307424122509314,-2.782469373113596,-0.006573056146969945,-0.22295413656779586,3.7273072049804277e-06
2.8205616753548384,-4.553649124439119e-18,3.2307424122509314,-2.782469373113596,-0.006573056146969945,-0.22295413656779586,3.7273072049804277e-06
2.830554822459817,-4.553649124439119e-18,3.2307424122509314,-2.782469373113596,-0.006573056146969945,-0.22295413656779586,3.7273072049804277e-06
2.840710325166583,-4.553649124439119e-18,3.2307424122509314,-2.782469373113596,-0.006573056146969945,-0.22295413656779586,3.7273072049804277e-06
2.85078951343894,-4.553649124439119e-18,3.2307424122509314,-2.782469373113596,-0.006573056146969945,-0.22295413656779586,3.7273072049804277e-06
2.860875714570284,-4.553649124439119e-18,3.2307424122509314,-2.782469373113596,-0.006573056146969945,-0.22295413656779586,3.7273072049804277e-06
2.870953379198909,-4.553649124439119e-18,3.2307424122509314,-2.782469373113596,-0.006573056146969945,-0.22295413656779586,3.7273072049804277e-06
2.8810319993644953,-4.553649124439119e-18,3.2307424122509314,-2.782469373113596,-0.006573056146969945,-0.22295413656779586,3.7273072049804277e-06
2.891192961484194,-4.553649124439119e-18,3.2307424122509314,-2.782469373113596,-0.006573056146969945,-0.22295413656779586,3.7273072049804277e-06
2.9013074543327093,-4.553649124439119e-18,3.2307424122509314,-2.782469373113596,-0.006573056146969945,-0.22295413656779586,3.7273072049804277e-06
2.9113658163696527,-4.553649124439119e-18,3.2307424122509314,-2.782469373113596,-0.006573056146969945,-0.22295413656779586,3.7273072049804277e-06
2.921529022976756,-4.553649124439119e-18,3.2307424122509314,-2.782469373113596,-0.006573056146969945,-0.22295413656779586,3.7273072049804277e-06
2.9315988533198833,-4.553649124439119e-18,3.2307424122509314,-2.782469373113596,-0.006573056146969945,-0.22295413656779586,3.7273072049804277e-06
2.941885283216834,-4.553649124439119e-18,3.2307424122509314,-2.782469373113596,-0.006573056146969945,-0.22295413656779586,3.7273072049804277e-06
2.9520931728184223,-4.553649124439119e-18,3.2307424122509314,-2.782469373113596,-0.006573056146969945,-0.22295413656779586,3.7273072049804277e-06
2.9622646141797304,-4.553649124439119e-18,3.2307424122509314,-2.782469373113596,-0.006573056146969945,-0.22295413656779586,3.7273072049804277e-06
2.9734043311327696,-4.553649124439119e-18,3.2307424122509314,-2.782469373113596,-0.006573056146969945,-0.22295413656779586,3.7273072049804277e-06
2.983565913513303,-4.553649124439119e-18,3.2307424122509314,-2.782469373113596,-0.006573056146969945,-0.22295413656779586,3.7273072049804277e-06
2.9936827197670937,-4.553649124439119e-18,3.2307424122509314,-2.782469373113596,-0.006573056146969945,-0.22295413656779586,3.7273072049804277e-06
3.003941126167774,-4.553649124439119e-18,3.2307424122509314,-2.782469373113596,-0.006573056146969945,-0.22295413656779586,3.7273072049804277e-06
3.014489147812128,-4.553649124439119e-18,3.2307424122509314,-2.782469373113596,-0.006573056146969945,-0.22295413656779586,3.7273072049804277e-06
3.0247173979878426,-4.553649124439119e-18,3.2307424122509314,-2.782469373113596,-0.006573056146969945,-0.22295413656779586,3.7273072049804277e-06
3.0347751025110483,-4.553649124439119e-18,3.2307424122509314,-2.782469373113596,-0.006573056146969945,-0.22295413656779586,3.7273072049804277e-06
3.045098688453436,-4.553649124439119e-18,3.2307424122509314,-2.782469373113596,-0.006573056146969945,-0.22295413656779586,3.7273072049804277e-06
3.05517110042274,-4.553649124439119e-18,3.2307424122509314,-2.782469373113596,-0.006573056146969945,-0.22295413656779586,3.7273072049804277e-06
3.065323853865266,-4.553649124439119e-18,3.2307424122509314,-2.782469373113596,-0.006573056146969945,-0.22295413656779586,3.7273072049804277e-06
3.075314350426197,-4.553649124439119e-18,3.2307424122509314,-2.782469373113596,-0.006573056146969945,-0.22295413656779586,3.7273072049804277e-06
3.0854706838726997,-4.553649124439119e-18,3.2307424122509314,-2.782469373113596,-0.006573056146969945,-0.22295413656779586,3.7273072049804277e-06
3.095460368320346,-4.553649124439119e-18,3.2307424122509314,-2.782469373113596,-0.006573056146969945,-0.22295413656779586,3.7273072049804277e-06
3.105528675019741,-4.553649124439119e-18,3.2307424122509314,-2.782469373113596,-0.006573056146969945,-0.22295413656779586,3.7273072049804277e-06
3.115591626614332,-4.553649124439119e-18,3.2307424122509314,-2.782469373113596,-0.006573056146969945,-0.22295413656779586,3.7273072049804277e-06
3.1256535425782204,-4.553649124439119e-18,3.2307424122509314,-2.782469373113596,-0.006573056146969945,-0.22295413656779586,3.7273072049804277e-06
3.1358049921691418,-4.553649124439119e-18,3.2307424122509314,-2.782469373113596,-0.006573056146969945,-0.22295413656779586,3.7273072049804277e-06
3.145879724994302,-4.553649124439119e-18,3.2307424122509314,-2.782469373113596,-0.006573056146969945,-0.22295413656779586,3.7273072049804277e-06
3.155958177521825,-4.553649124439119e-18,3.2307424122509314,-2.782469373113596,-0.006573056146969945,-0.22295413656779586,3.7273072049804277e-06
3.1660366151481867,-4.553649124439119e-18,3.2307424122509314,-2.782469373113596,-0.006573056146969945,-0.22295413656779586,3.7273072049804277e-06
3.1761254742741585,-4.553649124439119e-18,3.2307424122509314,-2.782469373113596,-0.006573056146969945,-0.22295413656779586,3.7273072049804277e-06
3.1862044483423233,-4.553649124439119e-18,3.2307424122509314,-2.782469373113596,-0.006573056146969945,-0.22295413656779586,3.7273072049804277e-06
3.1962808966636658,-4.553649124439119e-18,3.2307424122509314,-2.782469373113596,-0.006573056146969945,-0.22295413656779586,3.7273072049804277e-06
3.206359965726733,-4.553649124439119e-18,3.2307424122509314,-2.782469373113596,-0.006573056146969945,-0.22295413656779586,3.7273072049804277e-06
3.216495305299759,-4.553649124439119e-18,3.2307424122509314,-2.782469373113596,-0.006573056146969945,-0.22295413656779586,3.7273072049804277e-06
3.226573821157217,-4.553649124439119e-18,3.2307424122509314,-2.782469373113596,-0.006573056146969945,-0.22295413656779586,3.7273072049804277e-06
3.2365916781127453,-4.553649124439119e-18,3.2307424122509314,-2.782469373113596,-0.006573056146969945,-0.22295413656779586,3.7273072049804277e-06
3.2475032452493906,-4.553649124439119e-18,3.2307424122509314,-2.782469373113596,-0.006573056146969945,-0.22295413656779586,3.7273072049804277e-06
3.2582494486123323,-4.553649124439119e-18,3.2307424122509314,-2.782469373113596,-0.006573056146969945,-0.22295413656779586,3.7273072049804277e-06
3.2692010514438152,-4.553649124439119e-18,3.2307424122509314,-2.782469373113596,-0.006573056146969945,-0.22295413656779586,3.7273072049804277e-06
3.280085878446698,-4.553649124439119e-18,3.2307424122509314,-2.782469373113596,-0.006573056146969945,-0.22295413656779586,3.7273072049804277e-06
3.290360691025853,-4.553649124439119e-18,3.2307424122509314,-2.782469373113596,-0.006573056146969945,-0.22295413656779586,3.7273072049804277e-06
3.3004235308617353,-4.553649124439119e-18,3.2307424122509314,-2.782469373113596,-0.006573056146969945,-0.22295413656779586,3.7273072049804277e-06
3.3105248976498842,-4.553649124439119e-18,3.2307424122509314,-2.782469373113596,-0.006573056146969945,-0.22295413656779586,3.7273072049804277e-06
3.32057736068964,-4.553649124439119e-18,3.2307424122509314,-2.782469373113596,-0.006573056146969945,-0.22295413656779586,3.7273072049804277e-06
3.330726409330964,-4.553649124439119e-18,3.2307424122509314,-2.782469373113596,-0.006573056146969945,-0.22295413656779586,3.7273072049804277e-06
3.340803351253271,-4.553649124439119e-18,3.2307424122509314,-2.782469373113596,-0.006573056146969945,-0.22295413656779586,3.7273072049804277e-06
3.3509470745921135,-4.553649124439119e-18,3.2307424122509314,-2.782469373113596,-0.006573056146969945,-0.22295413656779586,3.7273072049804277e-06
3.361006097868085,-4.553649124439119e-18,3.2307424122509314,-2.782469373113596,-0.006573056146969945,-0.22295413656779586,3.7273072049804277e-06
3.3710039108991623,-4.553649124439119e-18,3.2307424122509314,-2.782469373113596,-0.006573056146969945,-0.22295413656779586,3.7273072049804277e-06
3.381160780787468,-4.553649124439119e-18,3.2307424122509314,-2.782469373113596,-0.006573056146969945,-0.22295413656779586,3.7273072049804277e-06
3.391314757987857,-4.553649124439119e-18,3.2307424122509314,-2.782469373113596,-0.006573056146969945,-0.22295413656779586,3.7273072049804277e-06
3.4013673793524504,-4.553649124439119e-18,3.2307424122509314,-2.782469373113596,-0.006573056146969945,-0.22295413656779586,3.7273072049804277e-06
3.411502677947283,-4.553649124439119e-18,3.2307424122509314,-2.782469373113596,-0.006573056146969945,-0.22295413656779586,3.7273072049804277e-06
3.421503221616149,-4.553649124439119e-18,3.2307424122509314,-2.782469373113596,-0.006573056146969945,-0.22295413656779586,3.7273072049804277e-06
3.4316187109798193,-4.553649124439119e-18,3.2307424122509314,-2.782469373113596,-0.006573056146969945,-0.22295413656779586,3.7273072049804277e-06
3.4420805014669895,-4.553649124439119e-18,3.2307424122509314,-2.782469373113596,-0.006573056146969945,-0.22295413656779586,3.7273072049804277e-06
3.4524139519780874,-4.553649124439119e-18,3.2307424122509314,-2.782469373113596,-0.006573056146969945,-0.22295413656779586,3.7273072049804277e-06
3.4633804224431515,-4.553649124439119e-18,3.2307424122509314,-2.782469373113596,-0.006573056146969945,-0.22295413656779586,3.7273072049804277e-06
3.473583882674575,-4.553649124439119e-18,3.2307424122509314,-2.782469373113596,-0.006573056146969945,-0.22295413656779586,3.7273072049804277e-06
3.4838477168232203,-4.553649124439119e-18,3.2307424122509314,-2.782469373113596,-0.006573056146969945,-0.22295413656779586,3.7273072049804277e-06
3.4942416679114103,-4.553649124439119e-18,3.2307424122509314,-2.782469373113596,-0.006573056146969945,-0.22295413656779586,3.7273072049804277e-06
3.5045149698853493,-4.553649124439119e-18,3.2307424122509314,-2.782469373113596,-0.006573056146969945,-0.22295413656779586,3.7273072049804277e-06
3.514721382409334,-4.553649124439119e-18,3.2307424122509314,-2.782469373113596,-0.006573056146969945,-0.22295413656779586,3.7273072049804277e-06
3.5247847605496645,-4.553649124439119e-18,3.2307424122509314,-2.782469373113596,-0.006573056146969945,-0.22295413656779586,3.7273072049804277e-06
3.534843208268285,-4.553649124439119e-18,3.2307424122509314,-2.782469373113596,-0.006573056146969945,-0.22295413656779586,3.7273072049804277e-06
3.5450482703745365,-4.553649124439119e-18,3.2307424122509314,-2.782469373113596,-0.006573056146969945,-0.22295413656779586,3.7273072049804277e-06
3.555177403613925,-4.553649124439119e-18,3.2307424122509314,-2.782469373113596,-0.006573056146969945,-0.22295413656779586,3.7273072049804277e-06
3.5652338340878487,-4.553649124439119e-18,3.2307424122509314,-2.782469373113596,-0.006573056146969945,-0.22295413656779586,3.7273072049804277e-06
3.5752986781299114,-4.553649124439119e-18,3.2307424122509314,-2.782469373113596,-0.006573056146969945,-0.22295413656779586,3.7273072049804277e-06
3.5853688549250364,-4.553649124439119e-18,3.2307424122509314,-2.782469373113596,-0.006573056146969945,-0.22295413656779586,3.7273072049804277e-06
3.5954336281865835,-4.553649124439119e-18,3.2307424122509314,-2.782469373113596,-0.006573056146969945,-0.22295413656779586,3.7273072049804277e-06
3.605581119656563,-4.553649124439119e-18,3.2307424122509314,-2.782469373113596,-0.006573056146969945,-0.22295413656779586,3.7273072049804277e-06
3.6156582348048687,-4.553649124439119e-18,3.2307424122509314,-2.782469373113596,-0.006573056146969945,-0.22295413656779586,3.7273072049804277e-06
3.6257384307682514,-4.553649124439119e-18,3.2307424122509314,-2.782469373113596,-0.006573056146969945,-0.22295413656779586,3.7273072049804277e-06
3.635732827708125,-4.553649124439119e-18,3.2307424122509314,-2.782469373113596,-0.006573056146969945,-0.22295413656779586,3.7273072049804277e-06
3.6457969062030315,-4.553649124439119e-18,3.2307424122509314,-2.782469373113596,-0.006573056146969945,-0.22295413656779586,3.7273072049804277e-06
3.6559502854943275,-4.553649124439119e-18,3.2307424122509314,-2.782469373113596,-0.006573056146969945,-0.22295413656779586,3.7273072049804277e-06
3.666019866243005,-4.553649124439119e-18,3.2307424122509314,-2.782469373113596,-0.006573056146969945,-0.22295413656779586,3.7273072049804277e-06
3.6761086340993643,-4.553649124439119e-18,3.2307424122509314,-2.782469373113596,-0.006573056146969945,-0.22295413656779586,3.7273072049804277e-06
3.6862226091325283,-4.553649124439119e-18,3.2307424122509314,-2.782469373113596,-0.006573056146969945,-0.22295413656779586,3.7273072049804277e-06
3.6963025871664286,-4.553649124439119e-18,3.2307424122509314,-2.782469373113596,-0.006573056146969945,-0.22295413656779586,3.7273072049804277e-06
3.706449817866087,-4.553649124439119e-18,3.2307424122509314,-2.782469373113596,-0.006573056146969945,-0.22295413656779586,3.7273072049804277e-06
3.716437593102455,-4.553649124439119e-18,3.2307424122509314,-2.782469373113596,-0.006573056146969945,-0.22295413656779586,3.7273072049804277e-06
3.726586740463972,-4.553649124439119e-18,3.2307424122509314,-2.782469373113596,-0.006573056146969945,-0.22295413656779586,3.7273072049804277e-06
3.736905662342906,-4.553649124439119e-18,3.2307424122509314,-2.782469373113596,-0.006573056146969945,-0.22295413656779586,3.7273072049804277e-06
3.7477764561772346,-4.553649124439119e-18,3.2307424122509314,-2.782469373113596,-0.006573056146969945,-0.22295413656779586,3.7273072049804277e-06
3.7579133193939924,-4.553649124439119e-18,3.2307424122509314,-2.782469373113596,-0.006573056146969945,-0.22295413656779586,3.7273072049804277e-06
3.7682050056755543,-4.553649124439119e-18,3.2307424122509314,-2.782469373113596,-0.006573056146969945,-0.22295413656779586,3.7273072049804277e-06
3.7784056030213833,-4.553649124439119e-18,3.2307424122509314,-2.782469373113596,-0.006573056146969945,-0.22295413656779586,3.7273072049804277e-06
3.788642693310976,-4.553649124439119e-18,3.2307424122509314,-2.782469373113596,-0.006573056146969945,-0.22295413656779586,3.7273072049804277e-06
3.7989254910498857,-4.553649124439119e-18,3.2307424122509314,-2.782469373113596,-0.006573056146969945,-0.22295413656779586,3.7273072049804277e-06
3.8091249484568834,-4.553649124439119e-18,3.2307424122509314,-2.782469373113596,-0.006573056146969945,-0.22295413656779586,3.7273072049804277e-06
3.820210490375757,-4.553649124439119e-18,3.2307424122509314,-2.782469373113596,-0.006573056146969945,-0.22295413656779586,3.7273072049804277e-06
3.830425553023815,-4.553649124439119e-18,3.2307424122509314,-2.782469373113596,-0.006573056146969945,-0.22295413656779586,3.7273072049804277e-06
3.840543806552887,-4.553649124439119e-18,3.2307424122509314,-2.782469373113596,-0.006573056146969945,-0.22295413656779586,3.7273072049804277e-06
3.8506732042878866,-4.553649124439119e-18,3.2307424122509314,-2.782469373113596,-0.006573056146969945,-0.22295413656779586,3.7273072049804277e-06
3.860710307955742,-4.553649124439119e-18,3.2307424122509314,-2.782469373113596,-0.006573056146969945,-0.22295413656779586,3.7273072049804277e-06
3.8708373848348856,-4.553649124439119e-18,3.2307424122509314,-2.782469373113596,-0.006573056146969945,-0.22295413656779586,3.7273072049804277e-06
3.8809151761233807,-4.553649124439119e-18,3.2307424122509314,-2.782469373113596,-0.006573056146969945,-0.22295413656779586,3.7273072049804277e-06
3.8910481836646795,-4.553649124439119e-18,3.2307424122509314,-2.782469373113596,-0.006573056146969945,-0.22295413656779586,3.7273072049804277e-06
3.901095639914274,-4.553649124439119e-18,3.2307424122509314,-2.782469373113596,-0.006573056146969945,-0.22295413656779586,3.7273072049804277e-06
3.911117410287261,-4.553649124439119e-18,3.2307424122509314,-2.782469373113596,-0.006573056146969945,-0.22295413656779586,3.7273072049804277e-06
3.921330327168107,-4.553649124439119e-18,3.2307424122509314,-2.782469373113596,-0.006573056146969945,-0.22295413656779586,3.7273072049804277e-06
3.9313045274466276,-4.553649124439119e-18,3.2307424122509314,-2.782469373113596,-0.006573056146969945,-0.22295413656779586,3.7273072049804277e-06
3.9415179193019867,-4.553649124439119e-18,3.2307424122509314,-2.782469373113596,-0.006573056146969945,-0.22295413656779586,3.7273072049804277e-06
3.951594753190875,-4.553649124439119e-18,3.2307424122509314,-2.782469373113596,-0.006573056146969945,-0.22295413656779586,3.7273072049804277e-06
3.9620500300079584,-4.553649124439119e-18,3.2307424122509314,-2.782469373113596,-0.006573056146969945,-0.22295413656779586,3.7273072049804277e-06
3.972273901104927,-4.553649124439119e-18,3.2307424122509314,-2.782469373113596,-0.006573056146969945,-0.22295413656779586,3.7273072049804277e-06
3.9825635459274054,-4.553649124439119e-18,3.2307424122509314,-2.782469373113596,-0.006573056146969945,-0.22295413656779586,3.7273072049804277e-06
3.99281488917768,-4.553649124439119e-18,3.2307424122509314,-2.782469373113596,-0.006573056146969945,-0.22295413656779586,3.7273072049804277e-06
4.002930970862508,-4.553649124439119e-18,3.2307424122509314,-2.782469373113596,-0.006573056146969945,-0.22295413656779586,3.7273072049804277e-06
4.013266429305077,-4.553649124439119e-18,3.2307424122509314,-2.782469373113596,-0.006573056146969945,-0.22295413656779586,3.7273072049804277e-06
4.023551803082228,-4.553649124439119e-18,3.2307424122509314,-2.782469373113596,-0.006573056146969945,-0.22295413656779586,3.7273072049804277e-06
4.0340093448758125,-4.553649124439119e-18,3.2307424122509314,-2.782469373113596,-0.006573056146969945,-0.22295413656779586,3.7273072049804277e-06
4.044159693643451,-4.553649124439119e-18,3.2307424122509314,-2.782469373113596,-0.006573056146969945,-0.22295413656779586,3.7273072049804277e-06
4.054289383813739,-4.553649124439119e-18,3.2307424122509314,-2.782469373113596,-0.006573056146969945,-0.22295413656779586,3.7273072049804277e-06
4.064565164968371,-4.553649124439119e-18,3.2307424122509314,-2.782469373113596,-0.006573056146969945,-0.22295413656779586,3.7273072049804277e-06
4.0747436080127954,-4.553649124439119e-18,3.2307424122509314,-2.782469373113596,-0.006573056146969945,-0.22295413656779586,3.7273072049804277e-06
4.084940820932388,-4.553649124439119e-18,3.2307424122509314,-2.782469373113596,-0.006573056146969945,-0.22295413656779586,3.7273072049804277e-06
4.09509327635169,-4.553649124439119e-18,3.2307424122509314,-2.782469373113596,-0.006573056146969945,-0.22295413656779586,3.7273072049804277e-06
4.10519140586257,-4.553649124439119e-18,3.2307424122509314,-2.782469373113596,-0.006573056146969945,-0.22295413656779586,3.7273072049804277e-06
4.115243850275874,-4.553649124439119e-18,3.2307424122509314,-2.782469373113596,-0.006573056146969945,-0.22295413656779586,3.7273072049804277e-06
4.12529493868351,-4.553649124439119e-18,3.2307424122509314,-2.782469373113596,-0.006573056146969945,-0.22295413656779586,3.7273072049804277e-06
4.135441467165947,-4.553649124439119e-18,3.2307424122509314,-2.782469373113596,-0.006573056146969945,-0.22295413656779586,3.7273072049804277e-06
4.145538346841931,-4.553649124439119e-18,3.2307424122509314,-2.782469373113596,-0.006573056146969945,-0.22295413656779586,3.7273072049804277e-06
4.155530514195561,-4.553649124439119e-18,3.2307424122509314,-2.782469373113596,-0.006573056146969945,-0.22295413656779586,3.7273072049804277e-06
4.165685813874006,-4.553649124439119e-18,3.2307424122509314,-2.782469373113596,-0.006573056146969945,-0.22295413656779586,3.7273072049804277e-06
4.175752216950059,-4.553649124439119e-18,3.2307424122509314,-2.782469373113596,-0.006573056146969945,-0.22295413656779586,3.7273072049804277e-06
4.185831105336547,-4.553649124439119e-18,3.2307424122509314,-2.782469373113596,-0.006573056146969945,-0.22295413656779586,3.7273072049804277e-06
4.195851327851415,-4.553649124439119e-18,3.2307424122509314,-2.782469373113596,-0.006573056146969945,-0.22295413656779586,3.7273072049804277e-06
4.206000586971641,-4.553649124439119e-18,3.2307424122509314,-2.782469373113596,-0.006573056146969945,-0.22295413656779586,3.7273072049804277e-06
4.216077048331499,-4.553649124439119e-18,3.2307424122509314,-2.782469373113596,-0.006573056146969945,-0.22295413656779586,3.7273072049804277e-06
4.22623479925096,-4.553649124439119e-18,3.2307424122509314,-2.782469373113596,-0.006573056146969945,-0.22295413656779586,3.7273072049804277e-06
4.236200507730246,-4.553649124439119e-18,3.2307424122509314,-2.782469373113596,-0.006573056146969945,-0.22295413656779586,3.7273072049804277e-06
4.2464153580367565,-4.553649124439119e-18,3.2307424122509314,-2.782469373113596,-0.006573056146969945,-0.22295413656779586,3.7273072049804277e-06
4.256477741524577,-4.553649124439119e-18,3.2307424122509314,-2.782469373113596,-0.006573056146969945,-0.22295413656779586,3.7273072049804277e-06
4.2666581850498915,-4.553649124439119e-18,3.2307424122509314,-2.782469373113596,-0.006573056146969945,-0.22295413656779586,3.7273072049804277e-06
4.2770756632089615,-4.553649124439119e-18,3.2307424122509314,-2.782469373113596,-0.006573056146969945,-0.22295413656779586,3.7273072049804277e-06
4.287295091897249,-4.553649124439119e-18,3.2307424122509314,-2.782469373113596,-0.006573056146969945,-0.22295413656779586,3.7273072049804277e-06
4.297386426478624,-4.553649124439119e-18,3.2307424122509314,-2.782469373113596,-0.006573056146969945,-0.22295413656779586,3.7273072049804277e-06
4.308387162163854,-4.553649124439119e-18,3.2307424122509314,-2.782469373113596,-0.006573056146969945,-0.22295413656779586,3.7273072049804277e-06
4.3186110351234674,-4.553649124439119e-18,3.2307424122509314,-2.782469373113596,-0.006573056146969945,-0.22295413656779586,3.7273072049804277e-06
4.328775269910693,-4.553649124439119e-18,3.2307424122509314,-2.782469373113596,-0.006573056146969945,-0.22295413656779586,3.7273072049804277e-06
4.339027324691415,-4.553649124439119e-18,3.2307424122509314,-2.782469373113596,-0.006573056146969945,-0.22295413656779586,3.7273072049804277e-06
4.349271696060896,-4.553649124439119e-18,3.2307424122509314,-2.782469373113596,-0.006573056146969945,-0.22295413656779586,3.7273072049804277e-06
4.359827535226941,-4.553649124439119e-18,3.2307424122509314,-2.782469373113596,-0.006573056146969945,-0.22295413656779586,3.7273072049804277e-06
4.3699876591563225,-4.553649124439119e-18,3.2307424122509314,-2.782469373113596,-0.006573056146969945,-0.22295413656779586,3.7273072049804277e-06
4.380051156505942,-4.553649124439119e-18,3.2307424122509314,-2.782469373113596,-0.006573056146969945,-0.22295413656779586,3.7273072049804277e-06
4.390118109062314,-4.553649124439119e-18,3.2307424122509314,-2.782469373113596,-0.006573056146969945,-0.22295413656779586,3.7273072049804277e-06
4.400188842788339,-4.553649124439119e-18,3.2307424122509314,-2.782469373113596,-0.006573056146969945,-0.22295413656779586,3.7273072049804277e-06
4.410249682143331,-4.553649124439119e-18,3.2307424122509314,-2.782469373113596,-0.006573056146969945,-0.22295413656779586,3.7273072049804277e-06
4.420305738225579,-4.553649124439119e-18,3.2307424122509314,-2.782469373113596,-0.006573056146969945,-0.22295413656779586,3.7273072049804277e-06
4.430468440055847,-4.553649124439119e-18,3.2307424122509314,-2.782469373113596,-0.006573056146969945,-0.22295413656779586,3.7273072049804277e-06
4.44055618904531,-4.553649124439119e-18,3.2307424122509314,-2.782469373113596,-0.006573056146969945,-0.22295413656779586,3.7273072049804277e-06
4.450543576851487,-4.553649124439119e-18,3.2307424122509314,-2.782469373113596,-0.006573056146969945,-0.22295413656779586,3.7273072049804277e-06
4.460611799731851,-4.553649124439119e-18,3.2307424122509314,-2.782469373113596,-0.006573056146969945,-0.22295413656779586,3.7273072049804277e-06
4.470678202807903,-4.553649124439119e-18,3.2307424122509314,-2.782469373113596,-0.006573056146969945,-0.22295413656779586,3.7273072049804277e-06
4.4808224234730005,-4.553649124439119e-18,3.2307424122509314,-2.782469373113596,-0.006573056146969945,-0.22295413656779586,3.7273072049804277e-06
4.490896604955196,-4.553649124439119e-18,3.2307424122509314,-2.782469373113596,-0.006573056146969945,-0.22295413656779586,3.7273072049804277e-06
4.500979790464044,-4.553649124439119e-18,3.2307424122509314,-2.782469373113596,-0.006573056146969945,-0.22295413656779586,3.7273072049804277e-06
4.511060398072004,-4.553649124439119e-18,3.2307424122509314,-2.782469373113596,-0.006573056146969945,-0.22295413656779586,3.7273072049804277e-06
4.521151199936867,-4.553649124439119e-18,3.2307424122509314,-2.782469373113596,-0.006573056146969945,-0.22295413656779586,3.7273072049804277e-06
4.5311935022473335,-4.553649124439119e-18,3.2307424122509314,-2.782469373113596,-0.006573056146969945,-0.22295413656779586,3.7273072049804277e-06
4.541295545175672,-4.553649124439119e-18,3.2307424122509314,-2.782469373113596,-0.006573056146969945,-0.22295413656779586,3.7273072049804277e-06
4.5513520780950785,-4.553649124439119e-18,3.2307424122509314,-2.782469373113596,-0.006573056146969945,-0.22295413656779586,3.7273072049804277e-06
4.561456901952624,-4.553649124439119e-18,3.2307424122509314,-2.782469373113596,-0.006573056146969945,-0.22295413656779586,3.7273072049804277e-06
4.571452613919973,-4.553649124439119e-18,3.2307424122509314,-2.782469373113596,-0.006573056146969945,-0.22295413656779586,3.7273072049804277e-06
4.581705704331398,-4.553649124439119e-18,3.2307424122509314,-2.782469373113596,-0.006573056146969945,-0.22295413656779586,3.7273072049804277e-06
4.592030154541135,-4.553649124439119e-18,3.2307424122509314,-2.782469373113596,-0.006573056146969945,-0.22295413656779586,3.7273072049804277e-06
4.604689583182335,-4.553649124439119e-18,3.2307424122509314,-2.782469373113596,-0.006573056146969945,-0.22295413656779586,3.7273072049804277e-06
4.614819997921586,-4.553649124439119e-18,3.2307424122509314,-2.782469373113596,-0.006573056146969945,-0.22295413656779586,3.7273072049804277e-06
4.625056078657508,-4.553649124439119e-18,3.2307424122509314,-2.782469373113596,-0.006573056146969945,-0.22295413656779586,3.7273072049804277e-06
4.635105587542057,-4.553649124439119e-18,3.2307424122509314,-2.782469373113596,-0.006573056146969945,-0.22295413656779586,3.7273072049804277e-06
4.645190162584186,-4.553649124439119e-18,3.2307424122509314,-2.782469373113596,-0.006573056146969945,-0.22295413656779586,3.7273072049804277e-06
4.655352236703038,-4.553649124439119e-18,3.2307424122509314,-2.782469373113596,-0.006573056146969945,-0.22295413656779586,3.7273072049804277e-06
4.665482195094228,-4.553649124439119e-18,3.2307424122509314,-2.782469373113596,-0.006573056146969945,-0.22295413656779586,3.7273072049804277e-06
4.675476836040616,-4.553649124439119e-18,3.2307424122509314,-2.782469373113596,-0.006573056146969945,-0.22295413656779586,3.7273072049804277e-06
4.685601677745581,-4.553649124439119e-18,3.2307424122509314,-2.782469373113596,-0.006573056146969945,-0.22295413656779586,3.7273072049804277e-06
4.695765390992165,-4.553649124439119e-18,3.2307424122509314,-2.782469373113596,-0.006573056146969945,-0.22295413656779586,3.7273072049804277e-06
4.705908006057143,-4.553649124439119e-18,3.2307424122509314,-2.782469373113596,-0.006573056146969945,-0.22295413656779586,3.7273072049804277e-06
4.715971641242504,-4.553649124439119e-18,3.2307424122509314,-2.782469373113596,-0.006573056146969945,-0.22295413656779586,3.7273072049804277e-06
4.726219527423382,-4.553649124439119e-18,3.2307424122509314,-2.782469373113596,-0.006573056146969945,-0.22295413656779586,3.7273072049804277e-06
4.736366700381041,-4.553649124439119e-18,3.2307424122509314,-2.782469373113596,-0.006573056146969945,-0.22295413656779586,3.7273072049804277e-06
4.7465081084519625,-4.553649124439119e-18,3.2307424122509314,-2.782469373113596,-0.006573056146969945,-0.22295413656779586,3.7273072049804277e-06
4.756493575870991,-4.553649124439119e-18,3.2307424122509314,-2.782469373113596,-0.006573056146969945,-0.22295413656779586,3.7273072049804277e-06
4.76671246252954,-4.553649124439119e-18,3.2307424122509314,-2.782469373113596,-0.006573056146969945,-0.22295413656779586,3.7273072049804277e-06
4.777718784287572,-4.553649124439119e-18,3.2307424122509314,-2.782469373113596,-0.006573056146969945,-0.22295413656779586,3.7273072049804277e-06
4.788009075447917,-4.553649124439119e-18,3.2307424122509314,-2.782469373113596,-0.006573056146969945,-0.22295413656779586,3.7273072049804277e-06
4.7981388829648495,-4.553649124439119e-18,3.2307424122509314,-2.782469373113596,-0.006573056146969945,-0.22295413656779586,3.7273072049804277e-06
4.8098910842090845,-4.553649124439119e-18,3.2307424122509314,-2.782469373113596,-0.006573056146969945,-0.22295413656779586,3.7273072049804277e-06
4.82000551559031,-4.553649124439119e-18,3.2307424122509314,-2.782469373113596,-0.006573056146969945,-0.22295413656779586,3.7273072049804277e-06
4.830075988546014,-4.553649124439119e-18,3.2307424122509314,-2.782469373113596,-0.006573056146969945,-0.22295413656779586,3.7273072049804277e-06
4.840148342773318,-4.553649124439119e-18,3.2307424122509314,-2.782469373113596,-0.006573056146969945,-0.22295413656779586,3.7273072049804277e-06
4.8502187468111515,-4.553649124439119e-18,3.2307424122509314,-2.782469373113596,-0.006573056146969945,-0.22295413656779586,3.7273072049804277e-06
4.860431203618646,-4.553649124439119e-18,3.2307424122509314,-2.782469373113596,-0.006573056146969945,-0.22295413656779586,3.7273072049804277e-06
4.870419219136238,-4.553649124439119e-18,3.2307424122509314,-2.782469373113596,-0.006573056146969945,-0.22295413656779586,3.7273072049804277e-06
4.8806258626282215,-4.553649124439119e-18,3.2307424122509314,-2.782469373113596,-0.006573056146969945,-0.22295413656779586,3.7273072049804277e-06
4.89068647287786,-4.553649124439119e-18,3.2307424122509314,-2.782469373113596,-0.006573056146969945,-0.22295413656779586,3.7273072049804277e-06
4.900679234415293,-4.553649124439119e-18,3.2307424122509314,-2.782469373113596,-0.006573056146969945,-0.22295413656779586,3.7273072049804277e-06
4.910751035436988,-4.553649124439119e-18,3.2307424122509314,-2.782469373113596,-0.006573056146969945,-0.22295413656779586,3.7273072049804277e-06
4.920813798904419,-4.553649124439119e-18,3.2307424122509314,-2.782469373113596,-0.006573056146969945,-0.22295413656779586,3.7273072049804277e-06
4.931026950478554,-4.553649124439119e-18,3.2307424122509314,-2.782469373113596,-0.006573056146969945,-0.22295413656779586,3.7273072049804277e-06
4.941005755215883,-4.553649124439119e-18,3.2307424122509314,-2.782469373113596,-0.006573056146969945,-0.22295413656779586,3.7273072049804277e-06
4.951161906123161,-4.553649124439119e-18,3.2307424122509314,-2.782469373113596,-0.006573056146969945,-0.22295413656779586,3.7273072049804277e-06
4.9613016452640295,-4.553649124439119e-18,3.2307424122509314,-2.782469373113596,-0.006573056146969945,-0.22295413656779586,3.7273072049804277e-06
4.971358450129628,-4.553649124439119e-18,3.2307424122509314,-2.782469373113596,-0.006573056146969945,-0.22295413656779586,3.7273072049804277e-06
4.981511360034347,-4.553649124439119e-18,3.2307424122509314,-2.782469373113596,-0.006573056146969945,-0.22295413656779586,3.7273072049804277e-06
4.991486484184861,-4.553649124439119e-18,3.2307424122509314,-2.782469373113596,-0.006573056146969945,-0.22295413656779586,3.7273072049804277e-06
5.001715891063213,-4.553649124439119e-18,3.2307424122509314,-2.782469373113596,-0.006573056146969945,-0.22295413656779586,3.7273072049804277e-06
5.011997418478131,-4.553649124439119e-18,3.2307424122509314,-2.782469373113596,-0.006573056146969945,-0.22295413656779586,3.7273072049804277e-06
5.0233406368643045,-4.553649124439119e-18,3.2307424122509314,-2.782469373113596,-0.006573056146969945,-0.22295413656779586,3.7273072049804277e-06
5.033593809232116,-4.553649124439119e-18,3.2307424122509314,-2.782469373113596,-0.006573056146969945,-0.22295413656779586,3.7273072049804277e-06
5.043735705316067,-4.553649124439119e-18,3.2307424122509314,-2.782469373113596,-0.006573056146969945,-0.22295413656779586,3.7273072049804277e-06
5.053907543420792,-4.553649124439119e-18,3.2307424122509314,-2.782469373113596,-0.006573056146969945,-0.22295413656779586,3.7273072049804277e-06
5.0645262859761715,-4.553649124439119e-18,3.2307424122509314,-2.782469373113596,-0.006573056146969945,-0.22295413656779586,3.7273072049804277e-06
5.074839010834694,-4.553649124439119e-18,3.2307424122509314,-2.782469373113596,-0.006573056146969945,-0.22295413656779586,3.7273072049804277e-06
5.084902506321669,-4.553649124439119e-18,3.2307424122509314,-2.782469373113596,-0.006573056146969945,-0.22295413656779586,3.7273072049804277e-06
5.095151266083121,-4.553649124439119e-18,3.2307424122509314,-2.782469373113596,-0.006573056146969945,-0.22295413656779586,3.7273072049804277e-06
5.105300989001989,-4.553649124439119e-18,3.2307424122509314,-2.782469373113596,-0.006573056146969945,-0.22295413656779586,3.7273072049804277e-06
5.115385992452502,-4.553649124439119e-18,3.2307424122509314,-2.782469373113596,-0.006573056146969945,-0.22295413656779586,3.7273072049804277e-06
5.125458441674709,-4.553649124439119e-18,3.2307424122509314,-2.782469373113596,-0.006573056146969945,-0.22295413656779586,3.7273072049804277e-06
5.135454833507538,-4.553649124439119e-18,3.2307424122509314,-2.782469373113596,-0.006573056146969945,-0.22295413656779586,3.7273072049804277e-06
5.145522588863969,-4.553649124439119e-18,3.2307424122509314,-2.782469373113596,-0.006573056146969945,-0.22295413656779586,3.7273072049804277e-06
5.1556944120675325,-4.553649124439119e-18,3.2307424122509314,-2.782469373113596,-0.006573056146969945,-0.22295413656779586,3.7273072049804277e-06
5.165667736902833,-4.553649124439119e-18,3.2307424122509314,-2.782469373113596,-0.006573056146969945,-0.22295413656779586,3.7273072049804277e-06
5.175838023424149,-4.553649124439119e-18,3.2307424122509314,-2.782469373113596,-0.006573056146969945,-0.22295413656779586,3.7273072049804277e-06
5.185886189341545,-4.553649124439119e-18,3.2307424122509314,-2.782469373113596,-0.006573056146969945,-0.22295413656779586,3.7273072049804277e-06
5.1959781758487225,-4.553649124439119e-18,3.2307424122509314,-2.782469373113596,-0.006573056146969945,-0.22295413656779586,3.7273072049804277e-06
5.206053322181106,-4.553649124439119e-18,3.2307424122509314,-2.782469373113596,-0.006573056146969945,-0.22295413656779586,3.7273072049804277e-06
5.216164123266935,-4.553649124439119e-18,3.2307424122509314,-2.782469373113596,-0.006573056146969945,-0.22295413656779586,3.7273072049804277e-06
5.226207626983523,-4.553649124439119e-18,3.2307424122509314,-2.782469373113596,-0.006573056146969945,-0.22295413656779586,3.7273072049804277e-06
5.236352642998099,-4.553649124439119e-18,3.2307424122509314,-2.782469373113596,-0.006573056146969945,-0.22295413656779586,3.7273072049804277e-06
5.246482020244002,-4.553649124439119e-18,3.2307424122509314,-2.782469373113596,-0.006573056146969945,-0.22295413656779586,3.7273072049804277e-06
5.256559081375599,-4.553649124439119e-18,3.2307424122509314,-2.782469373113596,-0.006573056146969945,-0.22295413656779586,3.7273072049804277e-06
5.266552720218897,-4.553649124439119e-18,3.2307424122509314,-2.782469373113596,-0.006573056146969945,-0.22295413656779586,3.7273072049804277e-06
5.276686079800129,-4.553649124439119e-18,3.2307424122509314,-2.782469373113596,-0.006573056146969945,-0.22295413656779586,3.7273072049804277e-06
5.287345580756664,-4.553649124439119e-18,3.2307424122509314,-2.782469373113596,-0.006573056146969945,-0.22295413656779586,3.7273072049804277e-06
5.297601314261556,-4.553649124439119e-18,3.2307424122509314,-2.782469373113596,-0.006573056146969945,-0.22295413656779586,3.7273072049804277e-06
5.3077253382653,-4.553649124439119e-18,3.2307424122509314,-2.782469373113596,-0.006573056146969945,-0.22295413656779586,3.7273072049804277e-06
5.317888211458921,-4.553649124439119e-18,3.2307424122509314,-2.782469373113596,-0.006573056146969945,-0.22295413656779586,3.7273072049804277e-06
5.328113006427884,-4.553649124439119e-18,3.2307424122509314,-2.782469373113596,-0.006573056146969945,-0.22295413656779586,3.7273072049804277e-06
5.338360043242574,-4.553649124439119e-18,3.2307424122509314,-2.782469373113596,-0.006573056146969945,-0.22295413656779586,3.7273072049804277e-06
5.3484774976968765,-4.553649124439119e-18,3.2307424122509314,-2.782469373113596,-0.006573056146969945,-0.22295413656779586,3.7273072049804277e-06
5.3587074764072895,-4.553649124439119e-18,3.2307424122509314,-2.782469373113596,-0.006573056146969945,-0.22295413656779586,3.7273072049804277e-06
5.368969690054655,-4.553649124439119e-18,3.2307424122509314,-2.782469373113596,-0.006573056146969945,-0.22295413656779586,3.7273072049804277e-06
5.379164628684521,-4.553649124439119e-18,3.2307424122509314,-2.782469373113596,-0.006573056146969945,-0.22295413656779586,3.7273072049804277e-06
5.389355227351189,-4.553649124439119e-18,3.2307424122509314,-2.782469373113596,-0.006573056146969945,-0.22295413656779586,3.7273072049804277e-06
5.399608142673969,-4.553649124439119e-18,3.2307424122509314,-2.782469373113596,-0.006573056146969945,-0.22295413656779586,3.7273072049804277e-06
5.40980539470911,-4.553649124439119e-18,3.2307424122509314,-2.782469373113596,-0.006573056146969945,-0.22295413656779586,3.7273072049804277e-06
5.4199214074760675,-4.553649124439119e-18,3.2307424122509314,-2.782469373113596,-0.006573056146969945,-0.22295413656779586,3.7273072049804277e-06
5.430008163675666,-4.553649124439119e-18,3.2307424122509314,-2.782469373113596,-0.006573056146969945,-0.22295413656779586,3.7273072049804277e-06
5.440225310623646,-4.553649124439119e-18,3.2307424122509314,-2.782469373113596,-0.006573056146969945,-0.22295413656779586,3.7273072049804277e-06
5.450302230194211,-4.553649124439119e-18,3.2307424122509314,-2.782469373113596,-0.006573056146969945,-0.22295413656779586,3.7273072049804277e-06
5.460428711026907,-4.553649124439119e-18,3.2307424122509314,-2.782469373113596,-0.006573056146969945,-0.22295413656779586,3.7273072049804277e-06
5.470561375841498,-4.553649124439119e-18,3.2307424122509314,-2.782469373113596,-0.006573056146969945,-0.22295413656779586,3.7273072049804277e-06
5.480729196220636,-4.553649124439119e-18,3.2307424122509314,-2.782469373113596,-0.006573056146969945,-0.22295413656779586,3.7273072049804277e-06
5.490785297006369,-4.553649124439119e-18,3.2307424122509314,-2.782469373113596,-0.006573056146969945,-0.22295413656779586,3.7273072049804277e-06
5.500877438113093,-4.553649124439119e-18,3.2307424122509314,-2.782469373113596,-0.006573056146969945,-0.22295413656779586,3.7273072049804277e-06
5.510972421616316,-4.553649124439119e-18,3.2307424122509314,-2.782469373113596,-0.006573056146969945,-0.22295413656779586,3.7273072049804277e-06
5.521017303690314,-4.553649124439119e-18,3.2307424122509314,-2.782469373113596,-0.006573056146969945,-0.22295413656779586,3.7273072049804277e-06
5.531229997053742,-4.553649124439119e-18,3.2307424122509314,-2.782469373113596,-0.006573056146969945,-0.22295413656779586,3.7273072049804277e-06
5.541289458051324,-4.553649124439119e-18,3.2307424122509314,-2.782469373113596,-0.006573056146969945,-0.22295413656779586,3.7273072049804277e-06
5.551380231976509,-4.553649124439119e-18,3.2307424122509314,-2.782469373113596,-0.006573056146969945,-0.22295413656779586,3.7273072049804277e-06
5.561354236677289,-4.553649124439119e-18,3.2307424122509314,-2.782469373113596,-0.006573056146969945,-0.22295413656779586,3.7273072049804277e-06
5.571520896628499,-4.553649124439119e-18,3.2307424122509314,-2.782469373113596,-0.006573056146969945,-0.22295413656779586,3.7273072049804277e-06
5.581564523279667,-4.553649124439119e-18,3.2307424122509314,-2.782469373113596,-0.006573056146969945,-0.22295413656779586,3.7273072049804277e-06
5.591773005202413,-4.553649124439119e-18,3.2307424122509314,-2.782469373113596,-0.006573056146969945,-0.22295413656779586,3.7273072049804277e-06
5.602856170386076,-4.553649124439119e-18,3.2307424122509314,-2.782469373113596,-0.006573056146969945,-0.22295413656779586,3.7273072049804277e-06
5.61304323002696,-4.553649124439119e-18,3.2307424122509314,-2.782469373113596,-0.006573056146969945,-0.22295413656779586,3.7273072049804277e-06
5.623166048899293,-4.553649124439119e-18,3.2307424122509314,-2.782469373113596,-0.006573056146969945,-0.22295413656779586,3.7273072049804277e-06
5.633369784802198,-4.553649124439119e-18,3.2307424122509314,-2.782469373113596,-0.006573056146969945,-0.22295413656779586,3.7273072049804277e-06
5.64430408552289,-4.553649124439119e-18,3.2307424122509314,-2.782469373113596,-0.006573056146969945,-0.22295413656779586,3.7273072049804277e-06
5.654462715610862,-4.553649124439119e-18,3.2307424122509314,-2.782469373113596,-0.006573056146969945,-0.22295413656779586,3.7273072049804277e-06
5.664580220356584,-4.553649124439119e-18,3.2307424122509314,-2.782469373113596,-0.006573056146969945,-0.22295413656779586,3.7273072049804277e-06
5.674680491909385,-4.553649124439119e-18,3.2307424122509314,-2.782469373113596,-0.006573056146969945,-0.22295413656779586,3.7273072049804277e-06
5.684885488823056,-4.553649124439119e-18,3.2307424122509314,-2.782469373113596,-0.006573056146969945,-0.22295413656779586,3.7273072049804277e-06
5.694979881867766,-4.553649124439119e-18,3.2307424122509314,-2.782469373113596,-0.006573056146969945,-0.22295413656779586,3.7273072049804277e-06
5.705042481422424,-4.553649124439119e-18,3.2307424122509314,-2.782469373113596,-0.006573056146969945,-0.22295413656779586,3.7273072049804277e-06
5.715163690969348,-4.553649124439119e-18,3.2307424122509314,-2.782469373113596,-0.006573056146969945,-0.22295413656779586,3.7273072049804277e-06
5.725316258147359,-4.553649124439119e-18,3.2307424122509314,-2.782469373113596,-0.006573056146969945,-0.22295413656779586,3.7273072049804277e-06
5.735298670828342,-4.553649124439119e-18,3.2307424122509314,-2.782469373113596,-0.006573056146969945,-0.22295413656779586,3.7273072049804277e-06
5.745431387796998,-4.553649124439119e-18,3.2307424122509314,-2.782469373113596,-0.006573056146969945,-0.22295413656779586,3.7273072049804277e-06
5.755513099953532,-4.553649124439119e-18,3.2307424122509314,-2.782469373113596,-0.006573056146969945,-0.22295413656779586,3.7273072049804277e-06
5.765718720853329,-4.553649124439119e-18,3.2307424122509314,-2.782469373113596,-0.006573056146969945,-0.22295413656779586,3.7273072049804277e-06
5.775803800672293,-4.553649124439119e-18,3.2307424122509314,-2.782469373113596,-0.006573056146969945,-0.22295413656779586,3.7273072049804277e-06
5.785888547077775,-4.553649124439119e-18,3.2307424122509314,-2.782469373113596,-0.006573056146969945,-0.22295413656779586,3.7273072049804277e-06
5.796014964580536,-4.553649124439119e-18,3.2307424122509314,-2.782469373113596,-0.006573056146969945,-0.22295413656779586,3.7273072049804277e-06
5.806136932224035,-4.553649124439119e-18,3.2307424122509314,-2.782469373113596,-0.006573056146969945,-0.22295413656779586,3.7273072049804277e-06
5.816245371475816,-4.553649124439119e-18,3.2307424122509314,-2.782469373113596,-0.006573056146969945,-0.22295413656779586,3.7273072049804277e-06
5.826314751058817,-4.553649124439119e-18,3.2307424122509314,-2.782469373113596,-0.006573056146969945,-0.22295413656779586,3.7273072049804277e-06
5.836292965337634,-4.553649124439119e-18,3.2307424122509314,-2.782469373113596,-0.006573056146969945,-0.22295413656779586,3.7273072049804277e-06
5.846460480242968,-4.553649124439119e-18,3.2307424122509314,-2.782469373113596,-0.006573056146969945,-0.22295413656779586,3.7273072049804277e-06
5.8565395437181,-4.553649124439119e-18,3.2307424122509314,-2.782469373113596,-0.006573056146969945,-0.22295413656779586,3.7273072049804277e-06
5.8665996342897415,-4.553649124439119e-18,3.2307424122509314,-2.782469373113596,-0.006573056146969945,-0.22295413656779586,3.7273072049804277e-06
5.876605160534382,-4.553649124439119e-18,3.2307424122509314,-2.782469373113596,-0.006573056146969945,-0.22295413656779586,3.7273072049804277e-06
5.886822374537587,-4.553649124439119e-18,3.2307424122509314,-2.782469373113596,-0.006573056146969945,-0.22295413656779586,3.7273072049804277e-06
